episode_key,ticker,issuer_name,filing_datetime,research_score,research_tier,entry_date,entry_price,benchmark_entry_price,return_30d,benchmark_return_30d,excess_return_30d,return_90d,benchmark_return_90d,excess_return_90d,return_180d,benchmark_return_180d,excess_return_180d,return_366d,benchmark_return_366d,excess_return_366d
979ccf7dc09cd6b6e85fd7c7ce4b7e8a13ef0ff053ec5ce3fc4309268fa2a6fa,CNTM,"ConnectM Technology Solutions, Inc.",2026-06-22 23:16:23,10,ALERT,2026-06-22,8.5,744.3900146484375,-0.2764705770155963,0.004056957289412466,-0.28052753430500876,,,,,,,,,
3b0f38476c203081e1b28b7559f4921c13d466afc861d824b269ea0e23109745,CNTM,"ConnectM Technology Solutions, Inc.",2026-06-22 23:14:57,10,ALERT,2026-06-22,8.5,744.3900146484375,-0.2764705770155963,0.004056957289412466,-0.28052753430500876,,,,,,,,,
7cab107aaee20cec370c40c8691de4e0037ed04237b61e765ec67b5766bf255a,ALKT,"ALKAMI TECHNOLOGY, INC.",2026-05-15 00:19:46,10,ALERT,2026-05-15,16.610000610351562,737.2706298828125,-0.07826611336333644,0.021185912395622175,-0.09945202575895862,0.2510535775474414,0.0550806899855143,0.1959728875619271,,,,,,
7dd4a3d21a58a81f483c00f7e93f23a6416dca8c608263537ebc10a32a8bd424,ALKT,"ALKAMI TECHNOLOGY, INC.",2026-05-15 00:21:50,10,ALERT,2026-05-15,16.610000610351562,737.2706298828125,-0.07826611336333644,0.021185912395622175,-0.09945202575895862,0.2510535775474414,0.0550806899855143,0.1959728875619271,,,,,,
2bc15283d27c935d6b160f42aae9f06e46e467a91a084086cb9faa890729c475,ARTV,"Artiva Biotherapeutics, Inc.",2026-06-16 22:08:15,10,ALERT,2026-06-16,8.90999984741211,748.4019775390625,0.014590361017646547,0.0030972568668039546,0.011493104150842592,,,,,,,,,
ba695cc00e322a45bc6e7ead44d377b628061f8b05694f4bc33c59b61d7ad156,GLIBK,Liberty Capital Corp/NV,2026-08-12 22:30:04,10,ALERT,2026-08-12,25.709999084472656,772.489990234375,,,,,,,,,,,,
ac8c51124bb4bd19221400b5caab71d44d847604c7f8d353fe6ac8c2c3aed147,BLND,"Blend Labs, Inc.",2026-05-14 00:19:20,10,ALERT,2026-05-14,1.3899999856948853,746.2474975585938,0.2086330682284514,0.008901716015817795,0.1997313522126336,0.007194237817389482,0.035165937254912905,-0.027971699437523423,,,,,,
8c8f23645f0cf1aa4b884693ceac3fa979a8f5b9aa4da1d548ef07783f6948cf,BKKT,"Bakkt, Inc.",2026-05-18 22:37:39,10,ALERT,2026-05-18,8.720000267028809,736.751953125,0.033256875340881065,0.0031273444728101563,0.03012953086807091,-0.1834862766598171,0.048751862323278106,-0.2322381389830952,,,,,,
0b56da7845143c0e2b22826a925ba7e1a7de1fa6f253d30135b6e8a4d59261d6,BH,Biglari Holdings Inc.,2026-05-14 23:58:26,10,ALERT,2026-05-14,258.1700134277344,746.2474975585938,0.3314095096584222,0.008901716015817795,0.3225077936426044,0.5143508971637933,0.035165937254912905,0.47918495990888044,,,,,,
e7344e3490e74334fba5f42cb1383fb972d14db98c10b2c962360dc4ab8b6776,WGS,GeneDx Holdings Corp.,2026-05-20 23:45:45,10,ALERT,2026-05-20,44.72999954223633,739.3452758789062,0.23898946425463174,0.006823251509295414,0.23216621274533633,0.7066844873496263,0.03801300589188883,0.6686714814577375,,,,,,
bde6d567a229021f854f7d45f099abab8738c4eaf893396a14c1d191e4e6eb91,DNUT,"Krispy Kreme, Inc.",2026-06-05 00:43:10,10,ALERT,2026-06-05,3.509999990463257,735.65478515625,-0.008547000419168338,0.021239913687649326,-0.029786914106817663,,,,,,,,,
d4c61348dfbf9a2947688d2ee4308d9d6d3d47342d641ce16abacfb941a64a54,WGS,GeneDx Holdings Corp.,2026-05-15 23:07:09,10,ALERT,2026-05-15,40.75,737.2706298828125,0.5047852685846435,0.021185912395622175,0.4835993561890213,0.9423313257884394,0.0550806899855143,0.8872506358029251,,,,,,
b9089983310c87d018f57c1199b4d9adba26dff5133d1533469f37a1af34e967,NSP,"INSPERITY, INC.",2026-05-06 21:37:27,10,ALERT,2026-05-06,28.23660659790039,731.9443359375,0.25298346121895565,0.005069305186981898,0.24791415603197375,0.8759336762740411,0.05380966723637148,0.8221240090376696,,,,,,
1bdb41d61555c2c50f8075213b9780c162cffa6cc6016885b5281f08555c9ddb,REBN,"Reborn Coffee, Inc.",2026-08-06 23:42:26,9,ALERT,2026-08-06,1.340000033378601,768.5599975585938,,,,,,,,,,,,
937c42e53e499a57accf0034d8413b714952ea941e82d671bf3693372e4ea62c,HMMR,HAMMER TECHNOLOGY HOLDINGS CORP.,2026-06-18 22:20:08,9,ALERT,2026-06-18,0.10999999940395355,746.739990234375,0.0,-0.006227018024636433,0.006227018024636433,,,,,,,,,
2615818fa6b44617416d6672a1055f39ef3a8f52cb15e6fbfe326211526e9c27,GLOO,"Gloo Holdings, Inc.",2026-07-10 21:02:05,9,ALERT,2026-07-10,2.950000047683716,754.9500122070312,0.17966100434673438,0.023948628117758997,0.15571237622897538,,,,,,,,,
2273a1301bc676b4d2d700530c63fc080328f385f48161b468c1544caed82eef,TXO,"TXO Partners, L.P.",2026-05-11 21:38:43,9,ALERT,2026-05-11,11.809982299804688,737.4002685546875,0.11247834243564747,-0.018760978502290193,0.13123932093793766,0.15362028556330332,0.048318073998023126,0.10530221156528019,,,,,,
1996dd07e74789b2e19e4a7f9306c8062cd0b646c0236ed0567d1bd9adf3d813,CBIO,"CRESCENT BIOPHARMA, INC.",2026-07-20 21:30:09,9,ALERT,2026-07-20,15.050000190734863,742.0900268554688,0.15083052992164214,0.03634325988371989,0.11448727003792225,,,,,,,,,
c433b855db8b3d708212fd3246f1f680700f01dfd648d318db72f7f48e4daa23,ARTV,"Artiva Biotherapeutics, Inc.",2026-06-11 23:36:33,9,ALERT,2026-06-11,8.0,735.8642578125,0.11625003814697266,0.018081765701204233,0.09816827244576842,,,,,,,,,
3de5b9b792cb5f04248ba926ef5df4f42ddd2da513e16742d4a19c02475e73ca,BLND,"Blend Labs, Inc.",2026-06-10 22:51:47,9,ALERT,2026-06-10,1.659999966621399,723.56591796875,0.024096434859411042,0.04337420193364694,-0.019277767074235896,,,,,,,,,
4b2f031827fc9e41dd734d01da01b44f4f4d098236b8bb3ff604442c60fa5191,BLND,"Blend Labs, Inc.",2026-05-27 22:38:12,9,ALERT,2026-05-27,1.559999942779541,748.5316162109375,0.1089744118778917,-0.02610661400714387,0.13508102588503557,,,,,,,,,
4f573782a8c96ffed002683094942304ae132be828292a8a07f167e2c59012fe,BLND,"Blend Labs, Inc.",2026-05-22 00:15:19,9,ALERT,2026-05-22,1.4700000286102295,743.7239990234375,0.1428570849323192,0.0008955144998339382,0.14196157043248525,-0.006802714468455484,0.02538035156494267,-0.032183066033398156,,,,,,
55d6ca472b36301f7748f9d6db7c33c267bee64762966e8ca913f7ca2537b1b0,NTSK,Netskope Inc,2026-07-10 23:37:28,9,ALERT,2026-07-10,12.319999694824219,754.9500122070312,0.2719156221145933,0.023948628117758997,0.2479669939968343,,,,,,,,,
f3a2e801bd4f3a3bb09cc710164779bb916c69172cf5678a1fdabca3372e2868,FBIN,"Fortune Brands Innovations, Inc.",2026-05-21 01:29:39,9,ALERT,2026-05-21,36.05000305175781,740.8114624023438,0.14618574748801416,0.004830584335843158,0.141355163152171,0.28959771825039904,0.03813188184837757,0.25146583640202147,,,,,,
5eaa1e5e2bcce231f4d0eb05162172f77fc9a812cc4040ce5ba1087dc02d4a47,CLVT,CLARIVATE PLC,2026-08-10 20:45:39,9,ALERT,2026-08-10,1.8899999856948853,773.030029296875,,,,,,,,,,,,
414216731e8bd54e31e3222f12e88f211a172f7b4e007f0f12a48274cf95e4cc,OTLK,"Outlook Therapeutics, Inc.",2026-08-14 23:52:49,9,ALERT,2026-08-14,0.7559999823570251,776.3400268554688,,,,,,,,,,,,
12ac59c1157374225b5eda526fba09c5f552dfcc3cc42279d94dd60579c72500,STEP,StepStone Group Inc.,2026-06-11 22:31:33,9,ALERT,2026-06-11,41.7249641418457,735.8642578125,0.026004509620587868,0.018081765701204233,0.007922743919383635,,,,,,,,,
35a1fe5a567c535288b860ebc9629a9ad63df05086029e144c4de0d934d2bd77,COAG,"Hemab Therapeutics Holdings, Inc.",2026-05-06 23:16:36,9,ALERT,2026-05-06,25.010000228881836,731.9443359375,0.011595322092153193,0.005069305186981898,0.006526016905171295,0.86005597888967,0.05380966723637148,0.8062463116532985,,,,,,
be0f5d8d975e7b68b93a9f0382604cfe2081761600ed795ba5f83c8a1c4fffc1,ZBIO,"Zenas BioPharma, Inc.",2026-04-29 23:21:02,9,ALERT,2026-04-29,17.549999237060547,709.7515258789062,0.04843307227471394,0.06309899352190285,-0.014665921247188907,0.8398861720369855,0.04383007057876176,0.7960561014582237,,,,,,
4ad04cfe7c71ae2f867278eca95383051ed8026f9b5472b535db27abf9d48d98,ARTV,"Artiva Biotherapeutics, Inc.",2026-05-13 21:45:56,8,ALERT,2026-05-13,10.5,740.4025268554688,-0.18666667029971173,-0.0007543635989680775,-0.18591230670074366,0.1219047364734469,0.040731182848882774,0.08117355362456413,,,,,,
0c132aaeac51c603bb14f344239014c0023cc7b95d3b7d20bdab339bbb4a0390,GDTC,CytoMed Therapeutics Ltd,2026-07-25 01:01:08,8,ALERT,2026-07-27,0.8999999761581421,739.0900268554688,,,,,,,,,,,,
407ba4a40500b8e663cc556ad36aa223c29545d36bb97b3a73692d260412336a,GWRS,"Global Water Resources, Inc.",2026-08-21 23:27:02,8,ALERT,2026-08-21,8.880000114440918,765.719970703125,,,,,,,,,,,,
16d39ddfe7159d1775a41a985761d5ab55f04163976066f893dc0e46a9f41000,TORO,TORO CORP.,2026-04-24 22:34:43,8,ALERT,2026-04-24,6.091406345367432,712.10546875,-0.14797999625037328,0.05133487772834733,-0.1993148739787206,-0.1709631726382147,0.03661609841524083,-0.20757927105345553,,,,,,
347338c554ed9a5576907449b5e058e7a883292381cb3513f51f1be7a8aa3ce5,TXO,"TXO Partners, L.P.",2026-06-04 01:22:45,8,ALERT,2026-06-04,13.391009330749512,755.1445922851562,-0.09869372134341003,-0.005117646378935969,-0.09357607496447407,,,,,,,,,
087d14023e910da2f6ad325290edfcb50d6dc116a7abb3f55f3f5a83480ea4cb,KLRS,"Kalaris Therapeutics, Inc.",2026-05-22 23:47:34,8,ALERT,2026-05-22,4.920000076293945,743.7239990234375,-0.10569105139490376,0.0008955144998339382,-0.1065865658947377,-0.1626016622620612,0.02538035156494267,-0.18798201382700386,,,,,,
976b4b8ddeb59ce2506551689b6641a2c4100c37e35ce3e3f367f127e20540b3,GLOO,"Gloo Holdings, Inc.",2026-07-10 21:05:07,8,ALERT,2026-07-10,2.950000047683716,754.9500122070312,0.17966100434673438,0.023948628117758997,0.15571237622897538,,,,,,,,,
1c70df098dfec4424fe8e4a9dc42abe8367d05a3e15723deb9f75431095babb4,PLSE,"PULSE BIOSCIENCES, INC.",2026-05-11 22:52:09,8,ALERT,2026-05-11,19.079999923706055,737.4002685546875,0.3097484209142578,-0.018760978502290193,0.328509399416548,1.1755764406455196,0.048318073998023126,1.1272583666474965,,,,,,
d676e91758b9fd3d3173cc9b02a1cd247effbbd1eafb760e22690639338f5337,TXO,"TXO Partners, L.P.",2026-08-11 21:08:30,8,ALERT,2026-08-11,13.964354515075684,770.5599975585938,,,,,,,,,,,,
ab36052a496e9e42d02db801f60001fbd7b345515f4e7d074c23656c63cedcd5,TXO,"TXO Partners, L.P.",2026-08-14 00:21:50,8,ALERT,2026-08-14,13.8100004196167,776.3400268554688,,,,,,,,,,,,
22146e8d0a73dcf548c58b558424b5fabe6e4a2d4dea71bf0d1b153414393b1b,AUPH,Aurinia Pharmaceuticals Inc.,2026-06-03 01:54:36,8,ALERT,2026-06-03,15.670000076293945,752.3018798828125,-0.01148693709632398,-0.0013582985943045855,-0.010128638502019394,,,,,,,,,
0ac90a4b99cba925f2df1a43b8f0c5f131b9a0ac68836e8381ee881ae237c4d9,FSBC,FIVE STAR BANCORP,2026-07-24 20:34:00,8,ALERT,2026-07-24,46.562015533447266,738.9299926757812,,,,,,,,,,,,
43b9e950e83368408ce2ce37737cd9e72cc6642c56a6b7605a3fdb0fd6b250a8,BGDE,"Big Digital Energy, Inc.",2026-08-18 23:33:49,8,ALERT,2026-08-18,6.570000171661377,767.4500122070312,,,,,,,,,,,,
7840890a733707d55978400c44db771670a32a99b22cc8644e1811130a4c1061,BOT,"RoboStrategy, Inc.",2026-07-15 21:12:47,8,ALERT,2026-07-15,31.59000015258789,754.8099975585938,0.002532444549529389,0.028523773355563886,-0.025991328806034497,,,,,,,,,
5a75cd061e21ce3babe33f20d3ee318b1b8bf41c4b7cb4333243f0b04b486286,AAT,"American Assets Trust, Inc.",2026-08-14 20:20:28,8,ALERT,2026-08-14,22.770000457763672,776.3400268554688,,,,,,,,,,,,
952298a032090fb71c9672772294ecad86e31be080eb1ef22a194c9702c012af,SKIL,Skillsoft Corp.,2026-06-16 22:35:13,8,ALERT,2026-06-16,6.110000133514404,748.4019775390625,0.07855973953921924,0.0030972568668039546,0.07546248267241529,,,,,,,,,
e7acb6394198b2a7314f2d71f44606034981f9f85aa4bf1aeb1672c3551434e9,GBFH,GBank Financial Holdings Inc.,2026-08-05 21:11:29,8,ALERT,2026-08-05,20.389999389648438,769.7899780273438,,,,,,,,,,,,
800eb1b2f9708ccb93a70e5e8ed9905aaee30047853220ea37404d901f6178d7,PBLS,"Parabilis Medicines, Inc.",2026-07-22 20:55:48,8,ALERT,2026-07-22,30.809999465942383,747.4099731445312,0.2775073447781269,0.024497930475237295,0.2530094143028896,,,,,,,,,
70f6317e49dc63910e485c211cef044df2fa54381dc5a628fe4b5b122031f37a,ARTV,"Artiva Biotherapeutics, Inc.",2026-07-20 22:08:52,8,ALERT,2026-07-20,9.149999618530273,742.0900268554688,0.2786885570542197,0.03634325988371989,0.2423452971704998,,,,,,,,,
dd08d9dbb87e1703964e1ea2d0a46527d891c1803f29b95e795c4460c1202381,ANNX,"Annexon, Inc.",2026-05-29 21:21:02,8,ALERT,2026-05-29,5.420000076293945,754.5361328125,0.027675293958666858,-0.01793967475360614,0.045614968712272996,,,,,,,,,
74f2069de5fb3931dc59d81136647b73c0092915aeab425aa40804e2eedccd28,FTH,"Faeth Therapeutics, Inc.",2026-07-02 00:09:53,8,ALERT,2026-07-02,22.920000076293945,744.780029296875,0.1928446798246537,0.01730706128821735,0.17553761853643635,,,,,,,,,
0f70db2c79221bbd23f2b35813b4f4ada45572101ac4757b0c161f0fb4f832c1,TWFG,"TWFG, Inc.",2026-05-27 22:18:27,8,ALERT,2026-05-27,18.56999969482422,748.5316162109375,0.2746365355563891,-0.02610661400714387,0.300743149563533,,,,,,,,,
833947c6ea122ae84f4a61876c6fb00575c6345bd88cdbb94958c7bbcc20aa8d,PSEC,PROSPECT CAPITAL CORP,2026-06-25 20:59:44,8,ALERT,2026-06-25,2.1999213695526123,734.2999877929688,-0.002237096460777299,0.00652327269798425,-0.00876036915876155,,,,,,,,,
8b179a8418b45075a213a83211f0a054bf95661f157360661e5fc17c3d5d6b6a,TWFG,"TWFG, Inc.",2026-06-04 22:30:18,8,ALERT,2026-06-04,18.950000762939453,755.1445922851562,0.3261212743544255,-0.005117646378935969,0.3312389207333615,,,,,,,,,
87e70005b6322b6240e5efd23f53b30a19c538268da0e99b366ae4065f94730a,TWFG,"TWFG, Inc.",2026-05-22 22:06:09,8,ALERT,2026-05-22,18.860000610351562,743.7239990234375,0.140243821040138,0.0008955144998339382,0.13934830654030406,0.5079533199191915,0.02538035156494267,0.4825729683542488,,,,,,
2a9ba104f7cc08475c27e450c4192dfb6725a94c894233aa579e1461568f1be0,PAX,Patria Investments Ltd,2026-06-06 00:49:47,8,ALERT,2026-06-08,11.238837242126465,737.3204345703125,-0.02192982046751002,0.01893287378464925,-0.04086269425215927,,,,,,,,,
6c7ebb8c64c762f7ef35bbe4b03e7793685782a76be42de1928c1e202d51105d,TWFG,"TWFG, Inc.",2026-05-29 21:08:32,8,ALERT,2026-05-29,18.770000457763672,754.5361328125,0.2844965382182052,-0.01793967475360614,0.30243621297181134,,,,,,,,,
4af20cd97cd2235f1de9e5faa5364d942ecc68e3626e55c345bab843d2b47002,ZBIO,"Zenas BioPharma, Inc.",2026-05-19 01:12:28,8,ALERT,2026-05-19,17.84000015258789,731.8446044921875,0.10874442362469372,0.020353208387076993,0.08839121523761673,0.7096412409825925,0.05578421726057092,0.6538570237220216,,,,,,
64995c9dc9917a2c7f75883a1f583df1cd27f3114ad4b51a672c246a84f534a2,VFLEX,FIRST TRUST ALTERNATIVE OPPORTUNITIES FUND,2026-07-07 23:03:33,7,ALERT,2026-07-07,27.47887420654297,747.7100219726562,0.006227526306247233,0.027885109164285105,-0.02165758285803787,,,,,,,,,
d325ed9d198dfead415cdcb0dccf879dc117d25d0d6da7b8bfea7ec56f0d0077,KNOP,KNOT Offshore Partners LP,2026-06-16 22:00:57,7,ALERT,2026-06-16,10.294342994689941,748.4019775390625,0.016393498814802232,0.0030972568668039546,0.013296241947998277,,,,,,,,,
da17ba8ef31371bd72dd542a26a4c57b1ea7434a5efe2ac6f5a60c1da13c8af0,HWH,HWH International Inc.,2026-06-09 21:43:19,7,ALERT,2026-06-09,1.225000023841858,735.1560668945312,0.0367346581296597,0.022517606564892656,0.014217051564767047,,,,,,,,,
2d3229077bb20eabebce719e4f694eec76f2fafc2ebc007008f2355d368a53f1,XAIR,"Beyond Air, Inc.",2026-07-31 22:55:38,7,ALERT,2026-07-31,5.275000095367432,747.030029296875,,,,,,,,,,,,
7c422e3b9e78a6967526572b5b6f2eceb175fcc989d0a5442e705176b9972f59,CLPR,Clipper Realty Inc.,2026-08-14 21:46:19,7,ALERT,2026-08-14,3.245283365249634,776.3400268554688,,,,,,,,,,,,
792c529dbba30ff9fb2b30de51e5f8d8fcd14f224ac0c2979155d0c76f0cb180,GWRS,"Global Water Resources, Inc.",2026-08-21 23:14:46,7,ALERT,2026-08-21,8.880000114440918,765.719970703125,,,,,,,,,,,,
39abf0c96eccaa13283cce7309c2f8f21a6f9a231fe806c939ab5a19e4d639eb,ONMD,OneMedNet Corp,2026-08-07 21:20:36,7,ALERT,2026-08-07,0.625,773.260009765625,,,,,,,,,,,,
5fb6f05ba6804abd971ba9584a307fba8d1f822ceb2b5fb26da4c7786d19f59e,LOGC,ContextLogic Holdings Inc.,2026-05-22 00:38:05,7,ALERT,2026-05-22,8.550000190734863,743.7239990234375,0.05497079023905993,0.0008955144998339382,0.05407527573922599,0.35087718515502786,0.02538035156494267,0.3254968335900852,,,,,,
abbd3bb61f77b37c117056b70d0fac144707ff7a6a02a8e65558c37595bb2884,MKTW,"MARKETWISE, INC.",2026-05-15 00:59:07,7,ALERT,2026-05-15,16.38260269165039,737.2706298828125,0.010137146617345882,0.021185912395622175,-0.011048765778276293,0.13476455670736343,0.0550806899855143,0.07968386672184913,,,,,,
5c59f4cfa397d0ad9547af47c7c37ee502ffbcca87678b5fc57f0fa1591520b7,LOGC,ContextLogic Holdings Inc.,2026-05-29 01:07:56,7,ALERT,2026-05-29,8.979999542236328,754.5361328125,-0.007795066636137715,-0.01793967475360614,0.010144608117468423,,,,,,,,,
47e7004132c3b1b3c18132b8efcded79b15c38a88173714aa8b15b2b63ca8149,ODTX,"Odyssey Therapeutics, Inc.",2026-05-12 21:37:36,7,ALERT,2026-05-12,17.899999618530273,736.2831420898438,-0.06089386457078527,-0.0005689173816404436,-0.06032494718914483,0.2385475166906328,0.049908635830952175,0.1886388808596806,,,,,,
7799e352fd1fbca413de5d6a63693f5bb34d0a101c10973fbd8209842d38c129,VRM,"Vroom, Inc.",2026-06-17 01:24:35,7,ALERT,2026-06-17,10.699999809265137,739.0560302734375,-0.33364483723943184,0.005728858950436733,-0.33937369618986857,,,,,,,,,
cf8fd2aa6b18cb4719f6101bb84e095971e39c2d745fcaffa23624fe2603b681,VRM,"Vroom, Inc.",2026-06-17 01:26:06,7,ALERT,2026-06-17,10.699999809265137,739.0560302734375,-0.33364483723943184,0.005728858950436733,-0.33937369618986857,,,,,,,,,
4531eaefb7bf0e78d45873977ea4b427cf322f29b49df4112d93c4847ba56fa8,TXO,"TXO Partners, L.P.",2026-05-20 21:48:55,7,ALERT,2026-05-20,12.856534957885742,739.3452758789062,-0.04761897697316542,0.006823251509295414,-0.05444222848246083,0.07105067600797388,0.03801300589188883,0.03303767011608505,,,,,,
7a57088dbcd7eb7c33aed9e65f148441bd41186ebce63c46dde84e8e8a0e2fa3,ODTX,"Odyssey Therapeutics, Inc.",2026-05-12 00:30:26,7,ALERT,2026-05-12,17.899999618530273,736.2831420898438,-0.06089386457078527,-0.0005689173816404436,-0.06032494718914483,0.2385475166906328,0.049908635830952175,0.1886388808596806,,,,,,
91e408d3bf9f11f0c413a93bad6f5570b10cf84d7a0e88d526fc7a7f9d52c080,GLOO,"Gloo Holdings, Inc.",2026-07-10 21:03:42,7,ALERT,2026-07-10,2.950000047683716,754.9500122070312,0.17966100434673438,0.023948628117758997,0.15571237622897538,,,,,,,,,
11f88f5d62e5b26bc59dcab03042a5b71493870fb34aa1e4e41b7065aa6b5d72,VIDA,VIDA Global Inc.,2026-05-19 00:00:21,7,ALERT,2026-05-19,2.2899999618530273,731.8446044921875,0.8471616111515763,0.020353208387076993,0.8268084027644993,0.06113541800712041,0.05578421726057092,0.005351200746549489,,,,,,
c2e3d90347e1a78106a40125e0d9362430cf47da8ffb0f39d7b80fb288b6e6c2,TXO,"TXO Partners, L.P.",2026-06-24 21:49:03,7,ALERT,2026-06-24,11.991659164428711,733.239990234375,0.06482982648710056,0.007760081988418932,0.05706974449868163,,,,,,,,,
9b6209d154c0888e4ee3422695fb27dd56aa4ad5b3f11db5e2e0a46143e759bd,BRTMU,B&R Technology Merger Corp.,2026-08-04 23:54:53,7,ALERT,2026-08-04,9.960000038146973,771.3300170898438,,,,,,,,,,,,
a7cf5885e7daa01b38d91b5b77042f92cacfe2efea999362d5f819a5e679ecfb,CGON,"CG Oncology, Inc.",2026-06-29 21:26:56,7,ALERT,2026-06-29,73.7300033569336,741.0,-0.06252543605666383,-0.015573519605052266,-0.046951916451611564,,,,,,,,,
af02e751dcab0197f7bf5a306f81a3229ca0dd6bbac7ea298beec15f979749d0,BLSM,"BlossomHill Therapeutics, Inc.",2026-08-10 22:32:08,7,ALERT,2026-08-10,15.989999771118164,773.030029296875,,,,,,,,,,,,
04280fb54222ff546961e4e69fa155f05603d82815945496e899e53925160133,LFTO,"Liftoff Mobile, Inc.",2026-06-10 00:43:11,7,ALERT,2026-06-10,24.719999313354492,723.56591796875,0.004449863001902976,0.04337420193364694,-0.03892433893174396,,,,,,,,,
eae1da6885b4ad9c419a32cd0482a29959f6794036501dc7d110cc98bce5ce0d,LFTO,"Liftoff Mobile, Inc.",2026-06-10 00:45:14,7,ALERT,2026-06-10,24.719999313354492,723.56591796875,0.004449863001902976,0.04337420193364694,-0.03892433893174396,,,,,,,,,
6b8a8203a9ba89a4a2f41d22babd8fe6bc706820021ce497e6af09ebbddbd9dc,BOC,BOSTON OMAHA Corp,2026-05-27 22:42:33,7,ALERT,2026-05-27,12.59000015258789,748.5316162109375,0.0778395178998379,-0.02610661400714387,0.10394613190698176,,,,,,,,,
08dbd7b067f517361f0299c991524dde02485e3226550f1827091628e323d633,KINS,"KINGSTONE COMPANIES, INC.",2026-05-13 21:12:05,7,ALERT,2026-05-13,14.115704536437988,740.4025268554688,0.14618634778127926,-0.0007543635989680775,0.14694071138024734,0.35097753325718273,0.040731182848882774,0.31024635040829995,,,,,,
e88af5e93ac59b35131a9bebd7d673c04ea6e87728fcff77a80985d23d6cb8f9,PNBK,PATRIOT NATIONAL BANCORP INC,2026-05-22 22:03:39,7,ALERT,2026-05-22,1.0700000524520874,743.7239990234375,0.0,0.0008955144998339382,-0.0008955144998339382,-0.037383251496717174,0.02538035156494267,-0.06276360306165985,,,,,,
897c1f1537fcb19624d8afba5330aa30f6e519e0bfbd4037ef8d04cbaf936e4f,LODE,Comstock Inc.,2026-06-15 23:53:47,7,ALERT,2026-06-15,4.079999923706055,752.890380859375,0.01960782480441492,0.002549662936359498,0.01705816186805542,,,,,,,,,
54046b923dcde7ae56d14e89f8629a54a7b4648e046e1d68d96f41533f23d7e6,OPAD,Offerpad Solutions Inc.,2026-06-04 23:47:47,7,ALERT,2026-06-04,0.7400000095367432,755.1445922851562,6.662162166516044,-0.005117646378935969,6.66727981289498,,,,,,,,,
bae7b4e24db81c4094fa738b36049134fda5cbce24f319bd1cedc8e8a6c8ff65,NAKA,Nakamoto Inc.,2026-05-28 23:40:17,7,ALERT,2026-05-28,5.599999904632568,752.6609497070312,-0.25000002128737353,-0.015492964942010357,-0.23450705634536317,,,,,,,,,
82768be32aab0682da29ccd879d1320d43637a8f38e58ff7ee6683217ee25e72,CAPS,Capstone Holding Corp.,2026-07-24 20:27:59,7,ALERT,2026-07-24,0.23000000417232513,738.9299926757812,,,,,,,,,,,,
ce75e1acb3ba716da0793f9e1735db7c594d8f328cc4b4af8378bc2877a5b678,XIIIU,Churchill Capital Corp XIII,2026-08-05 22:21:59,7,ALERT,2026-08-05,10.449999809265137,769.7899780273438,,,,,,,,,,,,
3dfdd5abd6e4b395c73f3b438105615534fb5a8b9fbbb17ef9467d0a01a6ef9d,PRQR,ProQR Therapeutics N.V.,2026-07-21 12:00:17,7,ALERT,2026-07-21,1.8799999952316284,748.280029296875,0.207446801427696,0.019137148832527817,0.1883096525951682,,,,,,,,,
72e08ec2ac31cbe85967a6cd8ca5375b14dcb38e4b968128afff36b74b6ee924,CDZI,CADIZ INC,2026-05-28 21:49:06,7,ALERT,2026-05-28,4.380000114440918,752.6609497070312,-0.114155248158897,-0.015492964942010357,-0.09866228321688664,,,,,,,,,
1e9d0100fb0b508bc1f844f93adfedb1ee01e191f0fcf1040274381f06d09af0,BRTMU,B&R Technology Merger Corp.,2026-07-23 23:47:48,7,ALERT,2026-07-23,9.949999809265137,738.1799926757812,,,,,,,,,,,,
c5d59c6ccc054e20e7dbc8492ac585e3e13290f1cc6e60fb6a023a66d5914cda,FTH,"Faeth Therapeutics, Inc.",2026-06-24 22:58:08,7,ALERT,2026-06-24,24.540000915527344,733.239990234375,0.1528117302402887,0.007760081988418932,0.14505164825186978,,,,,,,,,
835bcace71d6ea9c4a011443c00062ef05e13fc2e2a27123f90e2f438a7c5322,RAIN,"Rain Enhancement Technologies Holdco, Inc.",2026-08-20 23:38:04,7,ALERT,2026-08-20,0.8799999952316284,762.5999755859375,,,,,,,,,,,,
fbdb95222fecb9e6000e0e995385db1359e24df885af12eeda34c27161e42008,CING,Cingulate Inc.,2026-06-08 23:02:03,7,ALERT,2026-06-08,4.53000020980835,737.3204345703125,0.06843265528075015,0.010958044107998388,0.057474611172751766,,,,,,,,,
64623d09b5689b6acf201fbaa6d69f9b122ac372539352b577f7c98309512c7e,BLND,"Blend Labs, Inc.",2026-05-19 00:02:49,7,ALERT,2026-05-19,1.4800000190734863,731.8446044921875,0.11486483438769124,0.020353208387076993,0.09451162600061425,0.0,0.05578421726057092,-0.05578421726057092,,,,,,
ef72e96dfbd2843ca83c2e4ba6a14dfe720b96066f6c7e554ae4c8a8f6637854,RM,Regional Management Corp.,2026-08-13 20:30:03,7,ALERT,2026-08-13,32.3914794921875,777.8800048828125,,,,,,,,,,,,
ba7267a860a8eee0c6962e1ef934d294b9def79da6a7fbc6ef9b039c3a4119da,SAGT,SAGTEC GLOBAL Ltd,2026-08-06 21:30:46,7,ALERT,2026-08-06,0.7210000157356262,768.5599975585938,,,,,,,,,,,,
e02d2942bc750ec0b7e020642abed33de56790fac7b57dbc29450547bf484627,IAUX,i-80 Gold Corp.,2026-08-20 22:30:51,7,ALERT,2026-08-20,1.7599999904632568,762.5999755859375,,,,,,,,,,,,
327c7ccaaec6549e973391ee5ee3275459d6af8d29899d7fc30ed3d19dd88c74,CMCL,Caledonia Mining Corp Plc,2026-08-17 21:21:45,7,ALERT,2026-08-17,23.450000762939453,772.6699829101562,,,,,,,,,,,,
dd17a0fd8c160f323233e2c21d12008beead57689714c7f3a3b3f0f0c2269ce2,INR,"INFINITY NATURAL RESOURCES, INC.",2026-06-08 23:53:16,7,ALERT,2026-06-08,13.579999923706055,737.3204345703125,-0.03240055838404032,0.010958044107998388,-0.04335860249203871,,,,,,,,,
a32a69f984b9642c930b4e418d62e1f3fba3d09719d629539b5501621c01a39c,DFH,"Dream Finders Homes, Inc.",2026-08-13 22:48:22,7,ALERT,2026-08-13,14.84000015258789,777.8800048828125,,,,,,,,,,,,
85bf90de7708f8a3f0d33c30f3e970aff4f87e1dc5d8014cc6c86606922ca48f,ANGX,"Angel Studios, Inc.",2026-08-14 22:05:59,7,ALERT,2026-08-14,4.369999885559082,776.3400268554688,,,,,,,,,,,,
0c9a3ec80fcd9c5219140ec54970ebdb1c8f90abcd3a3c6982bbcca7f587cfc1,GBFH,GBank Financial Holdings Inc.,2026-08-05 21:16:33,7,ALERT,2026-08-05,20.389999389648438,769.7899780273438,,,,,,,,,,,,
8dc0e67798087359443bd484c42911f973c0f0b81951ddae76453698a52a51dd,FTH,"Faeth Therapeutics, Inc.",2026-06-26 23:40:29,7,ALERT,2026-06-26,22.8700008392334,728.989990234375,0.27853076948545863,0.013854835808988941,0.2646759336764697,,,,,,,,,
a8ff189dd00d721213ac15ff97a05bc92813edd9b578d3e83e18051034a97978,GBFH,GBank Financial Holdings Inc.,2026-08-05 21:18:55,7,ALERT,2026-08-05,20.389999389648438,769.7899780273438,,,,,,,,,,,,
62dcff3803b2d85f08b81fccb7d0c17f307129da305314b84776abd392934cec,SMRT,"SmartRent, Inc.",2026-05-13 21:57:36,7,ALERT,2026-05-13,1.1100000143051147,740.4025268554688,0.02702700090373522,-0.0007543635989680775,0.0277813645027033,0.2702702238288628,0.040731182848882774,0.22953904097998,,,,,,
c6162bbc984873d1543402f4b7f63d4eaf0b89b9bdd471474fe3ac7dbbfbe439,CXIIU,Churchill Capital Corp XII,2026-04-29 20:50:07,7,ALERT,2026-04-29,10.100000381469727,709.7515258789062,0.006930662592116832,0.06309899352190285,-0.056168330929786014,0.07920784226189626,0.04383007057876176,0.035377771683134496,,,,,,
bd75a6f70bfd6b3674e8d0dbe1d04801ca777228f5c368134602b84b4ccb0230,PAL,"Proficient Auto Logistics, Inc",2026-08-15 00:14:46,7,ALERT,2026-08-17,5.889999866485596,772.6699829101562,,,,,,,,,,,,
d3a599241c23d94cb0119e563e3f234e55889b669cbaed21887369003ac54599,ARTV,"Artiva Biotherapeutics, Inc.",2026-07-31 21:13:03,7,ALERT,2026-07-31,10.100000381469727,747.030029296875,,,,,,,,,,,,
f9d99c7fea54c009829337091859b841d55074e446aeda749cca75f51d8ed42a,PLYX,"Polaryx Therapeutics, Inc.",2026-05-29 00:00:39,7,ALERT,2026-05-29,3.2699999809265137,754.5361328125,-0.2262996984260145,-0.01793967475360614,-0.20836002367240836,,,,,,,,,
fe840252b3b37baa21a2ed3e1c078b133a1e6922a80f64e7488a8ecb61971d58,AUNA,AUNA S.A.,2026-06-02 00:48:06,7,ALERT,2026-06-02,4.5,757.6182250976562,0.1711111068725586,-0.016945468542716724,0.18805657541527532,,,,,,,,,
53f9cde7b3d1ad82a90fc8f2c3de9c0729df8488b57ff1e382f404a0e05e32db,SMRT,"SmartRent, Inc.",2026-08-11 21:24:05,7,ALERT,2026-08-11,1.409999966621399,770.5599975585938,,,,,,,,,,,,
f1e119b8cd1c449158f20f9d6ce76932b252b8b3c873dc5c5546ef6d4c288e87,OPFI,OppFi Inc.,2026-08-14 01:09:56,7,ALERT,2026-08-14,7.159999847412109,776.3400268554688,,,,,,,,,,,,
c11cd9bb6ae445952d38df36ce6df8c2399a44a26041698de585a69f89590bf6,FCNCA,FIRST CITIZENS BANCSHARES INC /DE/,2026-05-13 00:32:36,7,ALERT,2026-05-13,1907.5340576171875,740.4025268554688,0.10541151231441881,-0.0007543635989680775,0.10616587591338689,0.18117413097568313,0.040731182848882774,0.14044294812680036,,,,,,
931efb590ef004e58ea30be95172335ce84c39f56fdd9fccec0cbcbf8db6399a,AMRC,"Ameresco, Inc.",2026-08-11 23:22:37,7,ALERT,2026-08-11,25.889999389648438,770.5599975585938,,,,,,,,,,,,
6e3c43f9a43e5ac3e5162aa045d7e2734803f90e0afb7413993dbd7c8be58ed6,BLND,"Blend Labs, Inc.",2026-06-05 23:41:54,7,ALERT,2026-06-05,1.6200000047683716,735.65478515625,0.1296296527955867,0.021239913687649326,0.10838973910793737,,,,,,,,,
089419e7c1f0e6cdb672ef1ba9f6fa8365de8a082169e6fefb31ba92379f842d,FBRT,"Franklin BSP Realty Trust, Inc.",2026-06-18 01:45:11,7,ALERT,2026-06-18,8.223129272460938,746.739990234375,-0.0405112694860561,-0.006227018024636433,-0.03428425146141967,,,,,,,,,
ab24b8ff2e1dde15c384cbb3dfc0494af469c2ab2f737e1e8710aff92fa122f1,ANVS,"Annovis Bio, Inc.",2026-05-22 00:11:23,7,ALERT,2026-05-22,2.2300000190734863,743.7239990234375,-0.2062780422477719,0.0008955144998339382,-0.20717355674760585,-0.19730944101214354,0.02538035156494267,-0.2226897925770862,,,,,,
d2b6f49e5c2911a6d463aa994c113e1540f646cee409f348e9329ba3d37f8802,ANGX,"Angel Studios, Inc.",2026-08-17 21:06:50,7,ALERT,2026-08-17,4.710000038146973,772.6699829101562,,,,,,,,,,,,
9adca1249c46f6e402a1ab2745c780b5ddcbad9c3e25f7698adf8d14339cc22d,CDNL,Cardinal Infrastructure Group Inc.,2026-08-17 21:38:39,7,ALERT,2026-08-17,39.22999954223633,772.6699829101562,,,,,,,,,,,,
2325adecdae7136f860be560127cd476acdf3720326bf7274519db2648064ca1,CDNL,Cardinal Infrastructure Group Inc.,2026-08-17 21:39:11,7,ALERT,2026-08-17,39.22999954223633,772.6699829101562,,,,,,,,,,,,
71bc7dd4d7e44de37781ed3877e4161975e6731b871bcc4b733bde293ca4da9b,VFLEX,FIRST TRUST ALTERNATIVE OPPORTUNITIES FUND,2026-07-07 22:48:02,6,WATCH,2026-07-07,27.47887420654297,747.7100219726562,0.006227526306247233,0.027885109164285105,-0.02165758285803787,,,,,,,,,
53b4f1252e358365e5b062422c4b48f97a86c555319ea7a9c9cd3f38ae44782c,EWSB,"EWSB Bancorp, Inc. /MD/",2026-07-08 21:52:37,6,WATCH,2026-07-08,9.949999809265137,745.4000244140625,0.03366834618780912,0.037375884678112925,-0.0037075384903038078,,,,,,,,,
990df598adb62ed2cc4c5ffc9c0b1c74fd6f1276954a2255fdcdf0e07a6670e6,EWSB,"EWSB Bancorp, Inc. /MD/",2026-07-09 20:12:29,6,WATCH,2026-07-09,10.949999809265137,751.7100219726562,-0.06073059118141266,0.02836201021807616,-0.08909260139948882,,,,,,,,,
98149cd23c29119b08e0d35ef2c05821a560a9ec3b85c9f1ffacbba19e0721e6,FUND,SPROTT FOCUS TRUST INC.,2026-06-30 21:30:03,6,WATCH,2026-06-30,9.479999542236328,746.77001953125,0.054852371611086026,-0.0068026527002683634,0.06165502431135439,,,,,,,,,
fef296eafdbde1e0b94169ccc9dcb83b848236ac96803e2a5cf78f9f61338b0e,TVA,Texas Ventures Acquisition III Corp,2026-06-22 21:58:09,6,WATCH,2026-06-22,10.479999542236328,744.3900146484375,0.0066794514843651065,0.004056957289412466,0.0026224941949526404,,,,,,,,,
15361705815b5c5ddb68d7c0f971b95a8d224b19e12982093d6bcc60862a8d3e,MKTW,"MARKETWISE, INC.",2026-05-12 21:31:50,6,WATCH,2026-05-12,17.183088302612305,736.2831420898438,-0.032372589421978515,-0.0005689173816404436,-0.03180367204033807,0.12567701204377402,0.049908635830952175,0.07576837621282184,,,,,,
7e1e5a8eee0daaba13f73f161d22b09145405fd904727ad6c73fe997622d684b,LEEEF,Leef Brands Inc.,2026-06-16 23:34:40,6,WATCH,2026-06-16,0.17499999701976776,748.4019775390625,0.18285717594380335,0.0030972568668039546,0.1797599190769994,,,,,,,,,
560cea20408e5a4e0944805af608d2234f6c2f6fdbfc78a1004235c760a52855,GLBS,GLOBUS MARITIME LTD,2026-07-14 20:15:23,6,WATCH,2026-07-14,2.7300000190734863,751.8300170898438,0.3626373635970639,0.0346487732610119,0.327988590336052,,,,,,,,,
3565cec1174af3f89c23aeb871ec72a2b4243f03071522cdf9068dba488b8be3,UUU,"UNIVERSAL SAFETY PRODUCTS, INC.",2026-08-19 21:29:37,6,WATCH,2026-08-19,6.239999771118164,769.0599975585938,,,,,,,,,,,,
91063999d9bd32da65bad0cb6b7b0c911c545b8e9816937c0ebe6c064bf31dba,CLPR,Clipper Realty Inc.,2026-08-20 21:50:38,6,WATCH,2026-08-20,3.2300000190734863,762.5999755859375,,,,,,,,,,,,
4dd3e90713dbf2db28cfcc8378ad9ad6437c3e572ca0617790d25e525f3bc902,DGAC,DISCIPLINED GROWTH ACQUISITION Corp,2026-08-06 23:45:00,6,WATCH,2026-08-06,9.960000038146973,768.5599975585938,,,,,,,,,,,,
03fddd7c6d8707d61fbf58a05df51783517a4d4d12b88a22926d6496621fe66a,VIDA,VIDA Global Inc.,2026-05-19 00:00:24,6,WATCH,2026-05-19,2.2899999618530273,731.8446044921875,0.8471616111515763,0.020353208387076993,0.8268084027644993,0.06113541800712041,0.05578421726057092,0.005351200746549489,,,,,,
8c436e0d125348566b5e72bcf6079b936576b19074bc4b9101031634205bb157,SUNS,"Sunrise Realty Trust, Inc.",2026-08-17 20:50:24,6,WATCH,2026-08-17,7.760000228881836,772.6699829101562,,,,,,,,,,,,
cbe92b15b14e9be9c69ea6f1803c84f07b1368aaaf281b9b111c7f15be0ca20a,AFCG,Advanced Flower Capital Inc.,2026-08-17 20:52:30,6,WATCH,2026-08-17,3.4700000286102295,772.6699829101562,,,,,,,,,,,,
ff682aaa01ff81150443d66e3adb11a6795f16488414821c9aa73e9f9490a9cd,BOC,BOSTON OMAHA Corp,2026-06-02 00:19:58,6,WATCH,2026-06-02,13.640000343322754,757.6182250976562,0.1063049686780222,-0.016945468542716724,0.12325043722073892,,,,,,,,,
a89ca75ac006f8c165c1d98491be3cc78a5b63e93a7f29a37bc502dbe52bcac4,LILA,Liberty Latin America Ltd.,2026-07-18 00:11:08,6,WATCH,2026-07-20,7.349999904632568,742.0900268554688,0.15782317541502833,0.04120787902819134,0.11661529638683699,,,,,,,,,
8be3527b8613df97add6df2071c363f1559388b56487323ef26e72ad583a8fbc,FSBC,FIVE STAR BANCORP,2026-07-24 20:33:37,6,WATCH,2026-07-24,46.562015533447266,738.9299926757812,,,,,,,,,,,,
00c57c6f5a05b32065f6489fb33bc5cb2a50a114e47e6e8adb40729f635f1de4,WHF,"WhiteHorse Finance, Inc.",2026-05-27 00:47:44,6,WATCH,2026-05-27,6.800000190734863,748.5316162109375,-0.030882357684798634,-0.02610661400714387,-0.004775743677654765,,,,,,,,,
38d89ab0ddc2d02c59d065b2ff66360f515b93ab39bbd74cc061e05bc8c8cb8f,AAT,"American Assets Trust, Inc.",2026-08-21 20:27:42,6,WATCH,2026-08-21,22.829999923706055,765.719970703125,,,,,,,,,,,,
a49b1bfc31cd5283f21c4531ee8b224f86e111282b50bfc2f17af852644d3542,FRPH,"FRP HOLDINGS, INC.",2026-08-18 21:38:36,6,WATCH,2026-08-18,22.010000228881836,767.4500122070312,,,,,,,,,,,,
40c10f1aac816e3edbc486a1ca08e0575513d133504a362428b3fbe27c6b9d90,ATTO,"Attovia Therapeutics, Inc.",2026-08-14 01:52:51,6,WATCH,2026-08-14,19.860000610351562,776.3400268554688,,,,,,,,,,,,
28053bbe43182ea8146442378493ccd756778b7851bffda3c6d09c307bbd9db9,FRPH,"FRP HOLDINGS, INC.",2026-08-11 21:25:49,6,WATCH,2026-08-11,22.1200008392334,770.5599975585938,,,,,,,,,,,,
4927a388661a7e6152aca1da6d94b71c68f3b25dae3a90a033be0a2fa4f8a231,VRA,"Vera Bradley, Inc.",2026-06-17 01:08:33,6,WATCH,2026-06-17,3.7699999809265137,739.0560302734375,-0.005305034755357818,0.005728858950436733,-0.01103389370579455,,,,,,,,,
e7024ede8dfa231cc257d8e555cd7d28f6bb8407f4d6906ba10bad1c1fee7074,ANIK,"Anika Therapeutics, Inc.",2026-04-30 21:22:40,6,WATCH,2026-04-30,12.449999809265137,716.8132934570312,0.17510042880108734,0.055492172394893124,0.11960825640619421,0.298795206748552,0.01764298825239785,0.2811522184961541,,,,,,
af505c3154387619ccdc608df4e2bd425d473ede023e82129ac3a44a9fed3953,ARTV,"Artiva Biotherapeutics, Inc.",2026-07-28 21:24:04,6,WATCH,2026-07-28,10.529999732971191,740.8599853515625,,,,,,,,,,,,
b3f1a768eddf1d54f1119937c2324d82de11116c7e59735245a29d12658b877a,LILA,Liberty Latin America Ltd.,2026-05-12 21:29:20,6,WATCH,2026-05-12,5.033967018127441,736.2831420898438,0.06612696758187031,-0.0005689173816404436,0.06669588496351075,0.6905156903565541,0.049908635830952175,0.640607054525602,,,,,,
02e53eb6b86f56957fe716e78caa67af249a320c7adca303ad0ca36dd07489e8,LILA,Liberty Latin America Ltd.,2026-06-25 22:18:09,6,WATCH,2026-06-25,7.0,734.2999877929688,0.1128571374075753,0.00652327269798425,0.10633386470959105,,,,,,,,,
5ad75c56ae9150e2508774a8957f09f3992cadb058312d8fa14d1ffcbf2b1712,GBFH,GBank Financial Holdings Inc.,2026-08-05 21:24:03,6,WATCH,2026-08-05,20.389999389648438,769.7899780273438,,,,,,,,,,,,
3ac2abb792a0eaa281a544a54c8add59bc68d16c20f49d8db0afab3e17ca86fe,ANGX,"Angel Studios, Inc.",2026-08-17 21:08:35,6,WATCH,2026-08-17,4.710000038146973,772.6699829101562,,,,,,,,,,,,
03960d51a012bca4fff3881235a8a5ae4805a30604c17c72da5505b4852c4efc,LZ,"LEGALZOOM.COM, INC.",2026-05-12 00:30:14,6,WATCH,2026-05-12,6.159999847412109,736.2831420898438,-0.04058441658972245,-0.0005689173816404436,-0.040015499208082006,-0.07792208294861247,0.049908635830952175,-0.12783071877956464,,,,,,
24b913170cd410ed1f72e6bd931d7ab1e3b9a4ec92ef5309511bfb2c541759bc,BRCB,"Black Rock Coffee Bar, Inc.",2026-05-23 01:42:02,6,WATCH,2026-05-26,7.429999828338623,748.6613159179688,-0.051143963174051565,-0.005705251732278982,-0.045438711441772583,0.2449529224374607,0.02278554323892079,0.2221673791985399,,,,,,
336e541d4a047c31910287541136c1430eb01f6fd7a9b4d47e26312a7e20bd33,CCB,COASTAL FINANCIAL CORP,2026-08-07 23:35:35,6,WATCH,2026-08-07,45.34000015258789,773.260009765625,,,,,,,,,,,,
1206c3cb8d953333a380a314bd6156f8706ed3159a0ac125e1ae774f99e4723b,CCB,COASTAL FINANCIAL CORP,2026-08-07 23:36:40,6,WATCH,2026-08-07,45.34000015258789,773.260009765625,,,,,,,,,,,,
716aa5e9dd1e0edb7551fdbfee704a9ff92a89358f45cda26427bf701e86da21,KREF,KKR Real Estate Finance Trust Inc.,2026-04-27 20:30:42,6,WATCH,2026-04-27,5.796713829040527,713.332275390625,0.1326529890372219,0.04934494349219953,0.08330804554502236,0.2627844650514659,0.03610905093385641,0.2266754141176095,,,,,,
d20a37f2c369854b202a8dd02def1ab367a0956fdec5859783c7a10420cae9e5,VIA,"Via Transportation, Inc.",2026-06-11 22:12:04,6,WATCH,2026-06-11,14.760000228881836,735.8642578125,0.24051484972974713,0.018081765701204233,0.2224330840285429,,,,,,,,,
02934385afad2642e1a4a1069f2ddde1ecfcfe821d24fe23d21dea86d33c3cd7,PTLO,Portillo's Inc.,2026-05-12 22:03:24,6,WATCH,2026-05-12,4.050000190734863,736.2831420898438,0.10370359992022093,-0.0005689173816404436,0.10427251730186138,0.10617279212043695,0.049908635830952175,0.05626415628948478,,,,,,
49bfa25ac2ebf372b1b6e6dfc9a25e5e7ae71d0194daa9f883328183501b514f,BYRN,Byrna Technologies Inc.,2026-07-23 22:25:55,6,WATCH,2026-07-23,3.369999885559082,738.1799926757812,,,,,,,,,,,,
9e5aaa0df69ffb082b4037df95d96e5ac8347b3cfe46cfcbc35ecd12887e8a86,ACDC,ProFrac Holding Corp.,2026-08-12 22:00:06,6,WATCH,2026-08-12,5.139999866485596,772.489990234375,,,,,,,,,,,,
3a3c1dfb74ef78cb50821d2a259cdaaa2b0361ed4548a2a9171abe74f199be25,TWFG,"TWFG, Inc.",2026-06-08 22:01:05,6,WATCH,2026-06-08,19.889999389648438,737.3204345703125,0.31221725401626843,0.010958044107998388,0.30125920990827004,,,,,,,,,
cd80fc1b8e0bd85840dfb1f1a492811fbe14edd4ad12011f39559fffdb6cfeda,ANGX,"Angel Studios, Inc.",2026-08-14 20:18:20,6,WATCH,2026-08-14,4.369999885559082,776.3400268554688,,,,,,,,,,,,
b25aac6a979a9fe8def1a2c4214e45dd02ea860c7664535bd5a7732187a40480,ANGX,"Angel Studios, Inc.",2026-08-17 21:10:12,6,WATCH,2026-08-17,4.710000038146973,772.6699829101562,,,,,,,,,,,,
a651658d1a65e152592dcd74bd4401d7d3b7a6cc88d9ddcec65426f5aacffa88,HPP,"Hudson Pacific Properties, Inc.",2026-08-11 22:42:35,6,WATCH,2026-08-11,13.350000381469727,770.5599975585938,,,,,,,,,,,,
2dfcd129bc4c17c24dd014d3c12fd7a701b31af0435c99291f903d9a9264afcf,KREF,KKR Real Estate Finance Trust Inc.,2026-04-27 20:30:41,6,WATCH,2026-04-27,5.796713829040527,713.332275390625,0.1326529890372219,0.04934494349219953,0.08330804554502236,0.2627844650514659,0.03610905093385641,0.2266754141176095,,,,,,
15e491df395784ddee3ef2fb1b50e845bd81c6e7414d7fcb6da7e6e6641c832e,ARTV,"Artiva Biotherapeutics, Inc.",2026-07-14 23:00:23,6,WATCH,2026-07-14,9.350000381469727,751.8300170898438,0.2085561208243092,0.0346487732610119,0.1739073475632973,,,,,,,,,
044ba7c872dd209e2ce424d7f46f893d2ef8db236f9d66fd87d352477d8bef51,AMR,"Alpha Metallurgical Resources, Inc.",2026-06-17 00:41:42,6,WATCH,2026-06-17,193.3699951171875,739.0560302734375,-0.25634789945249215,0.005728858950436733,-0.2620767584029289,,,,,,,,,
f4e33a88d317f28660e0f35f7dc43bf43a6e69ebdb2e9b796befbd8fe27877f9,LRMR,"Larimar Therapeutics, Inc.",2026-07-08 20:05:03,6,WATCH,2026-07-08,3.609999895095825,745.4000244140625,0.15235456185565477,0.037375884678112925,0.11497867717754184,,,,,,,,,
6b3300834a199856d48a1156c91ed4ce8aabc58fb15f498a6eafdc6a2686fbd4,MBC,"MasterBrand, Inc.",2026-06-02 23:10:19,6,WATCH,2026-06-02,8.479999542236328,757.6182250976562,0.16509441601165276,-0.016945468542716724,0.18203988455436948,,,,,,,,,
6786b4ff7713c908630abdc773eb2bd6470c64309481062565dba89516fd4a70,PWRL,Powerlaw Corp.,2026-06-23 22:38:59,6,WATCH,2026-06-23,14.199999809265137,733.5800170898438,-0.14014083083435958,0.006270584638041088,-0.14641141547240066,,,,,,,,,
815b2f29d1aeb25970f31f4cd69c7ee7d350924aea6d81bcaa94a4db5b11b3d8,BETR,Better Home & Finance Holding Co,2026-05-21 23:55:56,6,WATCH,2026-05-21,25.030000686645508,740.8114624023438,0.05393521522519862,0.004830584335843158,0.04910463088935546,-0.47942471532079467,0.03813188184837757,-0.5175565971691722,,,,,,
03f23adf9082cf0e8e91c9ffe2aa7b01edbbb631d8e225651eaa30d681880914,CCLFX,Cliffwater Corporate Lending Fund,2026-07-09 20:48:42,5,WATCH,2026-07-09,10.260000228881836,751.7100219726562,0.005847901033519065,0.02836201021807616,-0.022514109184557096,,,,,,,,,
d59a501a016fb1bf178d5d09865901ad14f138d019897734f34479fd1529ec4e,EWSB,"EWSB Bancorp, Inc. /MD/",2026-07-08 21:50:54,5,WATCH,2026-07-08,9.949999809265137,745.4000244140625,0.03366834618780912,0.037375884678112925,-0.0037075384903038078,,,,,,,,,
04dfe2060650fe1c56da93bbebd1a4ed708aadb0e7d83f9b81161b44756588a0,EWSB,"EWSB Bancorp, Inc. /MD/",2026-07-09 20:14:11,5,WATCH,2026-07-09,10.949999809265137,751.7100219726562,-0.06073059118141266,0.02836201021807616,-0.08909260139948882,,,,,,,,,
45626c5a19b38d8a8e93c17800c9d7bb8f27e467f142d31904acbbad6ba2d3ff,EWSB,"EWSB Bancorp, Inc. /MD/",2026-07-08 21:51:47,5,WATCH,2026-07-08,9.949999809265137,745.4000244140625,0.03366834618780912,0.037375884678112925,-0.0037075384903038078,,,,,,,,,
579b6853606497137e5e0e0469535b50a8ea4451324f299f44c53aed50831fcc,EWSB,"EWSB Bancorp, Inc. /MD/",2026-07-09 20:13:04,5,WATCH,2026-07-09,10.949999809265137,751.7100219726562,-0.06073059118141266,0.02836201021807616,-0.08909260139948882,,,,,,,,,
4f1ac3a799cefd44ae564f32e1b27004f73ea6217b2279d47637ea2faed562dd,MKTW,"MARKETWISE, INC.",2026-05-23 01:04:24,5,WATCH,2026-05-26,16.82709312438965,748.6613159179688,-0.053120561290365687,-0.005705251732278982,-0.047415309558086705,0.07624058870289563,0.02278554323892079,0.05345504546397484,,,,,,
4a47f286f74b93916fdb95efbf185deb8d2796f3b2b858c8600b832c8b8270d5,BWMX,"BETTERWARE DE MEXICO, S.A.P.I. DE C.V",2026-07-29 20:39:00,5,WATCH,2026-07-29,16.62361717224121,729.4600219726562,,,,,,,,,,,,
354fe3cde107e980b85ba92064d882c17f30717a7819257f8182ab58c92d17b3,NXDT,NEXPOINT DIVERSIFIED REAL ESTATE TRUST,2026-05-23 01:47:40,5,WATCH,2026-05-26,5.090000152587891,748.6613159179688,-0.13359534082333002,-0.005705251732278982,-0.12789008909105104,0.09037328572831105,0.02278554323892079,0.06758774248939026,,,,,,
f4d6056903f04bab007d908204f21eaff2d232549eeaf37c823c45f8a2c804bf,RBKB,"Rhinebeck Bancorp, Inc.",2026-07-23 20:22:26,5,WATCH,2026-07-23,12.350000381469727,738.1799926757812,,,,,,,,,,,,
308012a0681d31b4cdf857eef47bf54e2ef19a3f224adad0d23151dace6fb7a2,MKTW,"MARKETWISE, INC.",2026-05-26 23:01:58,5,WATCH,2026-05-26,16.82709312438965,748.6613159179688,-0.01074023918860545,-0.019182676892275263,0.008442437703669814,,,,,,,,,
b905abbcbf97564a21644ca0350e44f355fa0a94a7548b41e3ef140d2461ae92,BWMX,"BETTERWARE DE MEXICO, S.A.P.I. DE C.V",2026-08-10 22:41:05,5,WATCH,2026-08-10,16.1299991607666,773.030029296875,,,,,,,,,,,,
459ff36c106c5b19e95ba0b88ef0a9e501e90da327ea024cb015b796cd7e8058,REFI,"Chicago Atlantic Real Estate Finance, Inc.",2026-08-19 21:22:57,5,WATCH,2026-08-19,10.59000015258789,769.0599975585938,,,,,,,,,,,,
250e62c69c90492069504f2237de72a130424aa0ac93599303ad35c5932fda1a,RBKB,"Rhinebeck Bancorp, Inc.",2026-07-23 20:24:22,5,WATCH,2026-07-23,12.350000381469727,738.1799926757812,,,,,,,,,,,,
b8beba5a92b171831d27e6a9c645860390c97a6049ede85c40d9a4a106e9580b,HNVR,"Hanover Bancorp, Inc. /MD",2026-08-03 22:42:18,5,WATCH,2026-08-03,26.312725067138672,757.6699829101562,,,,,,,,,,,,
bb6e672c05b2073bceb22c14ec731dda0262d8d1deef4dcb9d9aa5d5b593b3f1,RBKB,"Rhinebeck Bancorp, Inc.",2026-07-23 20:21:33,5,WATCH,2026-07-23,12.350000381469727,738.1799926757812,,,,,,,,,,,,
d1f8489d0fd3da5e89792cc71d3dce642b131d6ea99eef95c8c454a923d6e670,LOGC,ContextLogic Holdings Inc.,2026-06-10 21:48:35,5,WATCH,2026-06-10,9.65999984741211,723.56591796875,-0.06314696338640868,0.04337420193364694,-0.10652116532005562,,,,,,,,,
d9910a15a31c53b4299e8c6408dcf96c265c8e443adc5fb11091eb103cb4693f,REFI,"Chicago Atlantic Real Estate Finance, Inc.",2026-08-19 21:23:30,5,WATCH,2026-08-19,10.59000015258789,769.0599975585938,,,,,,,,,,,,
fb53cb9e6f5aa2b241e254db7bf1015452fc70c8362ab2ad9d0335a4ca173211,XRN,Chiron Real Estate Inc.,2026-08-14 00:14:55,5,WATCH,2026-08-14,36.94895935058594,776.3400268554688,,,,,,,,,,,,
a514d9752209d4587144f6e4a9245d30a34d5feca0d1785e594efabc8deacd0e,VIDA,VIDA Global Inc.,2026-05-19 00:00:22,5,WATCH,2026-05-19,2.2899999618530273,731.8446044921875,0.8471616111515763,0.020353208387076993,0.8268084027644993,0.06113541800712041,0.05578421726057092,0.005351200746549489,,,,,,
2b45ad9ee772c0b7bb7ff09359b4932401aba69bd4a462a73e916f526542c6b6,LILA,Liberty Latin America Ltd.,2026-08-13 22:08:41,5,WATCH,2026-08-13,8.550000190734863,777.8800048828125,,,,,,,,,,,,
dcd83b0fac99c77717b9ac8c030db37946849bb077b1bb979be15e6e66ac49ad,BCML,BayCom Corp,2026-08-03 15:40:58,5,WATCH,2026-08-03,30.5,757.6699829101562,,,,,,,,,,,,
48c338e92c056fd38f4a5afad365e14b0d8a62444fba7cbc7ecfd95c64c6b372,XRN,Chiron Real Estate Inc.,2026-08-14 00:16:01,5,WATCH,2026-08-14,36.94895935058594,776.3400268554688,,,,,,,,,,,,
4067faaf0a02443a6eb5f7d416bde3d73d757a6c83a3d3db4b2563932c7f9bf9,PLSE,"PULSE BIOSCIENCES, INC.",2026-05-11 22:53:24,5,WATCH,2026-05-11,19.079999923706055,737.4002685546875,0.3097484209142578,-0.018760978502290193,0.328509399416548,1.1755764406455196,0.048318073998023126,1.1272583666474965,,,,,,
5449ae16f10662bebd0fd37d73169d3829851a4a2f6647c2b5cea204d67d3582,PLSE,"PULSE BIOSCIENCES, INC.",2026-05-12 00:52:41,5,WATCH,2026-05-12,23.299999237060547,736.2831420898438,0.15407726481285478,-0.0005689173816404436,0.15464618219449522,0.7815450506757171,0.049908635830952175,0.7316364148447649,,,,,,
510a22a14c0e741834a98f6e31ad99226f1fdddc7161366e45d4ae91c82ba239,TXO,"TXO Partners, L.P.",2026-05-11 21:39:29,5,WATCH,2026-05-11,11.809981346130371,737.4002685546875,0.11247843226999965,-0.018760978502290193,0.13123941077228984,0.15362037871993128,0.048318073998023126,0.10530230472190816,,,,,,
9518821d4d474d00cc3b392d45178f709d34a0ac3696b49073462ecdf72f8cbd,TNC,TENNANT CO,2026-08-13 20:23:31,5,WATCH,2026-08-13,67.63999938964844,777.8800048828125,,,,,,,,,,,,
0848f5bd225c553fd7c80c2e060a309ffccf178ae6ee657c262c0f3814a1d042,CECO,CECO ENVIRONMENTAL CORP,2026-06-03 23:35:08,5,WATCH,2026-06-03,79.47000122070312,752.3018798828125,0.015225859643719586,-0.0013582985943045855,0.01658415823802417,,,,,,,,,
550860b806891791832205d5dd03005d71cbc87d305f2537fe87ff2812eb80a8,SENS,"Senseonics Holdings, Inc.",2026-08-20 22:25:20,5,WATCH,2026-08-20,8.819999694824219,762.5999755859375,,,,,,,,,,,,
dc913f73d925a314109662b18bee2cf73e70aade299581e05afccd34b8ec8e61,DMC,DEL MONTE CORP,2026-08-06 21:04:03,5,WATCH,2026-08-06,29.60743522644043,768.5599975585938,,,,,,,,,,,,
2cc903ea52e2b8f47f16a6c4d84cf5370a80c854445b9d6b7f6da1ffbb2f4cae,SMMT,Summit Therapeutics Inc.,2026-06-04 22:08:26,5,WATCH,2026-06-04,14.84000015258789,755.1445922851562,0.07345014429786301,-0.005117646378935969,0.07856779067679898,,,,,,,,,
0d3419475d0d403286c0735eeac6de3aad4847c3f98e670b427507ed8e78aa7d,ACI,"Albertsons Companies, Inc.",2026-07-28 23:29:49,5,WATCH,2026-07-28,11.579999923706055,740.8599853515625,,,,,,,,,,,,
0da9d0591b226ce94f00d960f0a29a61af3803ebdea59c83c04b748550b36d7a,TMUS,"T-Mobile US, Inc.",2026-05-04 21:36:36,5,WATCH,2026-05-04,193.3708038330078,716.1649780273438,-0.06164739789291174,0.05045890676615716,-0.1121063046590689,-0.08419475521846131,0.0579545302496316,-0.1421492854680929,,,,,,
4f32f4e286718376a0f189ead4a854f2b4eb84901cb21562b0f6fcd78e349db7,ALK,"ALASKA AIR GROUP, INC.",2026-08-21 20:59:34,5,WATCH,2026-08-21,40.40999984741211,765.719970703125,,,,,,,,,,,,
82b7f643ee0189e63ecfcdcd467ceceb8f7bec65dfe1d4b29584f84d36a85d1e,ADBE,ADOBE INC.,2026-06-26 20:20:09,5,WATCH,2026-06-26,202.72999572753906,728.989990234375,0.17274209544958707,0.013854835808988941,0.15888725964059813,,,,,,,,,
8eeef994a9018fcc9f37bbcd3fa363646c68c9ccca38208269a49e4c48e2ca17,INTC,INTEL CORP,2026-08-14 20:27:15,5,WATCH,2026-08-14,102.5,776.3400268554688,,,,,,,,,,,,
3d112cf5ebe2e5594b16fdf6173099b60de197d7b983c68a4aeeceaa7ea5b9fc,FCBM,"First Carolina Financial Services, Inc.",2026-06-22 23:03:05,4,WATCH,2026-06-22,12.579999923706055,744.3900146484375,0.014308450418714536,0.004056957289412466,0.01025149312930207,,,,,,,,,
d49b49f3dba1d031f7a1925d1ee64813c926fc6d1daba5e7c3c2073372fd6e85,FCBM,"First Carolina Financial Services, Inc.",2026-06-22 23:03:12,4,WATCH,2026-06-22,12.579999923706055,744.3900146484375,0.014308450418714536,0.004056957289412466,0.01025149312930207,,,,,,,,,
25b58b8c2da5e4bd721ebc3807d9dfcc71c862636c05fcd5f7a0bdec9398c523,FCBM,"First Carolina Financial Services, Inc.",2026-06-22 23:03:23,4,WATCH,2026-06-22,12.579999923706055,744.3900146484375,0.014308450418714536,0.004056957289412466,0.01025149312930207,,,,,,,,,
08b19cb8f34ed1f317692b9b2420acbdfd8d0754f954bed4cb93edea49dbfdab,WEST,Westrock Coffee Co,2026-05-15 21:10:32,4,WATCH,2026-05-15,8.449999809265137,737.2706298828125,0.04260362348846858,0.021185912395622175,0.021417711092846403,-0.005917182469050486,0.0550806899855143,-0.06099787245456478,,,,,,
80de8dd14975dd0d4f116d500f1658cc0da96717514e02731b1e8741354f9058,FSBC,FIVE STAR BANCORP,2026-07-24 20:31:02,4,WATCH,2026-07-24,46.562015533447266,738.9299926757812,,,,,,,,,,,,
78aff436178a66f84c41341928176b89015c31779628373641fefad5b123c4f4,FSBC,FIVE STAR BANCORP,2026-07-24 20:32:46,4,WATCH,2026-07-24,46.562015533447266,738.9299926757812,,,,,,,,,,,,
5c685248445577d065266c924192bab4500d90c68f7f3b7ef0a9f772d8dac606,STRZ,STARZ ENTERTAINMENT CORP /CN/,2026-05-14 22:38:00,4,WATCH,2026-05-14,21.93000030517578,746.2474975585938,0.2831736889217922,0.008901716015817795,0.2742719729059744,0.14044687099156739,0.035165937254912905,0.10528093373665448,,,,,,
e8d71275bcb301f9542eb3b97137bf8620f529763ed229cee1c8f9434a48756e,FCBM,"First Carolina Financial Services, Inc.",2026-06-22 23:03:38,4,WATCH,2026-06-22,12.579999923706055,744.3900146484375,0.014308450418714536,0.004056957289412466,0.01025149312930207,,,,,,,,,
85bcdac85c00f9ebb009b5b8a45688d0824fe2c5c49b35eeb3b6e96f5c2cf1e6,CRESY,CRESUD INC,2026-04-25 00:10:09,4,WATCH,2026-04-27,11.220000267028809,713.332275390625,0.010695176711511767,0.0495267657810623,-0.03883158906955053,-0.002673857926159595,0.0358847036202572,-0.03855856154641679,,,,,,
d7971cebeeb7694f33290527bf4cf44909dd594fe7b405186755680a3822c479,XRN,Chiron Real Estate Inc.,2026-05-12 21:41:59,4,WATCH,2026-05-12,33.419368743896484,736.2831420898438,0.09829149243660917,-0.0005689173816404436,0.09886040981824962,0.06837397569391523,0.049908635830952175,0.01846533986296306,,,,,,
5e205bf80265a2d256403630f55808a8e39cdfab728e6e3640f21e4c3a8f1085,SSMR,Sunshine Silver Mining & Refining Co,2026-06-08 22:29:36,4,WATCH,2026-06-08,14.789999961853027,737.3204345703125,-0.15280596583576211,0.010958044107998388,-0.1637640099437605,,,,,,,,,
993e7bc0e7b65b69ff2d6e679ed37524fa644f528886cbe30014de9938334903,XRN,Chiron Real Estate Inc.,2026-05-12 21:44:18,4,WATCH,2026-05-12,33.419368743896484,736.2831420898438,0.09829160658290848,-0.0005689173816404436,0.09886052396454892,0.06837397569391523,0.049908635830952175,0.01846533986296306,,,,,,
b5def2c7d718c7ee956e6bcdd9e2b12101e8b10ccfdfb01b625626d66b9a34dc,FCBM,"First Carolina Financial Services, Inc.",2026-06-22 23:02:28,4,WATCH,2026-06-22,12.579999923706055,744.3900146484375,0.014308450418714536,0.004056957289412466,0.01025149312930207,,,,,,,,,
318606b51b057b9ce8315abe1bb3d88c40b03265c3ac23ee4e6fa707e68debdf,DINO,HF Sinclair Corp,2026-08-11 21:45:34,3,ARCHIVE,2026-08-11,85.55000305175781,770.5599975585938,,,,,,,,,,,,
05bef5c0dd8da99f5b1c92cc2e7d97721e0e8103d09b118dcc4cf6697e0f97ab,IR,Ingersoll Rand Inc.,2026-08-05 23:00:31,3,ARCHIVE,2026-08-05,89.978759765625,769.7899780273438,,,,,,,,,,,,
