accepted_at,accession,cik,ticker,amendment,issuer_cik,issuer_name,issuer_trading_symbol,security_title,transaction_date,transaction_code,acquired_disposed_code,shares,price_per_share,purchase_value,reporting_owners,eligible_insider,record_key,filing_datetime,insider_name,company_name,drop_reason
2026-10-03 00:24:58,0002144385-26-000005,0002144385,XAIR,False,0001641631,"Beyond Air, Inc.",XAIR,Common Stock,2026-09-29,P,A,3000.0,2.69,8070.0,"[{""cik"": ""0002144385"", ""name"": ""Lin Yi-Chien"", ""is_director"": false, ""is_officer"": false, ""is_ten_percent_owner"": true, ""is_other"": false, ""officer_title"": null}]",False,278cc8d364118ea81a6d3d3b81aac57b8d131265d1fc23988e2e6cb69565feee,2026-10-03 00:24:58,Lin Yi-Chien,"Beyond Air, Inc.",below_min_purchase_value
2026-10-03 00:24:58,0002144385-26-000005,0002144385,XAIR,False,0001641631,"Beyond Air, Inc.",XAIR,Common Stock,2026-09-30,P,A,2000.0,2.71,5420.0,"[{""cik"": ""0002144385"", ""name"": ""Lin Yi-Chien"", ""is_director"": false, ""is_officer"": false, ""is_ten_percent_owner"": true, ""is_other"": false, ""officer_title"": null}]",False,0283f25efea4a4d5c4e38f4594269d3b1ef63415518920b2f688d1ad205a05db,2026-10-03 00:24:58,Lin Yi-Chien,"Beyond Air, Inc.",below_min_purchase_value
2026-10-03 00:24:58,0002144385-26-000005,0002144385,XAIR,False,0001641631,"Beyond Air, Inc.",XAIR,Common Stock,2026-10-01,P,A,15393.0,2.8,43100.4,"[{""cik"": ""0002144385"", ""name"": ""Lin Yi-Chien"", ""is_director"": false, ""is_officer"": false, ""is_ten_percent_owner"": true, ""is_other"": false, ""officer_title"": null}]",False,05959ef1a48c582bf49fe44fce8ed5a060d3a88f44ddf152d7bed41bcbb71e2d,2026-10-03 00:24:58,Lin Yi-Chien,"Beyond Air, Inc.",below_min_purchase_value
2026-10-02 23:20:11,0001140361-26-038462,0002047025,PROP,False,0001162896,Prairie Operating Co.,PROP,Common Stock,2026-09-03,P,A,28000.0,0.45,12600.0,"[{""cik"": ""0002047025"", ""name"": ""Frommer Richard N."", ""is_director"": true, ""is_officer"": false, ""is_ten_percent_owner"": false, ""is_other"": false, ""officer_title"": null}]",True,5c96a06c7cffc9dce1040af10f1867fda08bb57f0fe508e6379c4c423f6f7e20,2026-10-02 23:20:11,Frommer Richard N.,Prairie Operating Co.,below_min_purchase_value
2026-10-02 22:49:23,0001185185-26-004545,0001759186,ZSQR,True,0001759186,Z Squared Inc.,ZSQR,Common Stock,2026-08-18,P,A,1000.0,3.92,3920.0,"[{""cik"": ""0001550967"", ""name"": ""Schadel Christopher Ryan"", ""is_director"": false, ""is_officer"": true, ""is_ten_percent_owner"": false, ""is_other"": false, ""officer_title"": ""Chief Marketing Officer""}]",True,7448774581e46c9e6c4d63e086908ab036a983689e612b46d02d1e67a2eb3899,2026-10-02 22:49:23,Schadel Christopher Ryan,Z Squared Inc.,below_min_purchase_value
2026-10-02 22:44:42,0001437749-26-031937,0001393391,AUBN,False,0000750574,"AUBURN NATIONAL BANCORPORATION, INC",AUBN,"common stock, par value $0.1",2026-09-30,P,A,16.0,27.41,438.56,"[{""cik"": ""0001393391"", ""name"": ""O'DONNELL SHANNON"", ""is_director"": null, ""is_officer"": true, ""is_ten_percent_owner"": null, ""is_other"": null, ""officer_title"": ""Senior Vice President""}]",True,137893b78f5d830a664f1f82fd79b78bdb329e88985bdb18a7f6ee30ff083e07,2026-10-02 22:44:42,O'DONNELL SHANNON,"AUBURN NATIONAL BANCORPORATION, INC",below_min_purchase_value
2026-10-02 22:44:42,0001437749-26-031937,0001393391,AUBN,False,0000750574,"AUBURN NATIONAL BANCORPORATION, INC",AUBN,"common stock, par value $0.1",2026-09-30,P,A,11.0,27.7,304.7,"[{""cik"": ""0001393391"", ""name"": ""O'DONNELL SHANNON"", ""is_director"": null, ""is_officer"": true, ""is_ten_percent_owner"": null, ""is_other"": null, ""officer_title"": ""Senior Vice President""}]",True,baf2ff3db50df870a2cec9241d57e77f6ee1667067fda7861b9a50e86e224802,2026-10-02 22:44:42,O'DONNELL SHANNON,"AUBURN NATIONAL BANCORPORATION, INC",below_min_purchase_value
2026-10-02 22:44:13,0001437749-26-031936,0001195632,AUBN,False,0000750574,"AUBURN NATIONAL BANCORPORATION, INC",AUBN,"common stock, par value $0.1",2026-09-30,P,A,37.0,27.41,1014.17,"[{""cik"": ""0001195632"", ""name"": ""HOUSEL DAVID E"", ""is_director"": true, ""is_officer"": null, ""is_ten_percent_owner"": null, ""is_other"": null, ""officer_title"": null}]",True,75a0b8bc0dc555d6949d42a1b6e7229489d7d84b62b62f5e90c89dfca116ccfa,2026-10-02 22:44:13,HOUSEL DAVID E,"AUBURN NATIONAL BANCORPORATION, INC",below_min_purchase_value
2026-10-02 22:44:13,0001437749-26-031936,0001195632,AUBN,False,0000750574,"AUBURN NATIONAL BANCORPORATION, INC",AUBN,"common stock, par value $0.1",2026-09-30,P,A,14.0,27.7,387.8,"[{""cik"": ""0001195632"", ""name"": ""HOUSEL DAVID E"", ""is_director"": true, ""is_officer"": null, ""is_ten_percent_owner"": null, ""is_other"": null, ""officer_title"": null}]",True,f1160a1d238ea570b02d4767be5ff8cc427c672c769ac6a93f48332f69ca476f,2026-10-02 22:44:13,HOUSEL DAVID E,"AUBURN NATIONAL BANCORPORATION, INC",below_min_purchase_value
2026-10-02 22:43:47,0001437749-26-031935,0001457242,AUBN,False,0000750574,"AUBURN NATIONAL BANCORPORATION, INC",AUBN,"common stock, par value $0.1",2026-09-30,P,A,51.0,27.41,1397.91,"[{""cik"": ""0001457242"", ""name"": ""Barrett J Tutt"", ""is_director"": true, ""is_officer"": null, ""is_ten_percent_owner"": null, ""is_other"": null, ""officer_title"": null}]",True,8d212f4e6805f9d6ea4268b35e12bb001fe2cafc2c51470f00de441b652cf68d,2026-10-02 22:43:47,Barrett J Tutt,"AUBURN NATIONAL BANCORPORATION, INC",below_min_purchase_value
2026-10-02 22:43:47,0001437749-26-031935,0001457242,AUBN,False,0000750574,"AUBURN NATIONAL BANCORPORATION, INC",AUBN,"common stock, par value $0.1",2026-09-30,P,A,22.0,27.7,609.4,"[{""cik"": ""0001457242"", ""name"": ""Barrett J Tutt"", ""is_director"": true, ""is_officer"": null, ""is_ten_percent_owner"": null, ""is_other"": null, ""officer_title"": null}]",True,7c0816a338548eadd3f5c5a49f1b07ac2d2f9c80e038870e36626d38a8f89544,2026-10-02 22:43:47,Barrett J Tutt,"AUBURN NATIONAL BANCORPORATION, INC",below_min_purchase_value
2026-10-02 22:43:18,0001437749-26-031934,0001195633,AUBN,False,0000750574,"AUBURN NATIONAL BANCORPORATION, INC",AUBN,"common stock, par value $0.1",2026-09-30,P,A,20.0,27.41,548.2,"[{""cik"": ""0001195633"", ""name"": ""HAM WILLIAM F JR"", ""is_director"": true, ""is_officer"": null, ""is_ten_percent_owner"": null, ""is_other"": null, ""officer_title"": null}]",True,6b129ddd9258da4eef9d001f9e3ca858086bb3387b18434d13974f48fdb4c72f,2026-10-02 22:43:18,HAM WILLIAM F JR,"AUBURN NATIONAL BANCORPORATION, INC",below_min_purchase_value
2026-10-02 22:43:18,0001437749-26-031934,0001195633,AUBN,False,0000750574,"AUBURN NATIONAL BANCORPORATION, INC",AUBN,"common stock, par value $0.1",2026-09-30,P,A,27.0,27.41,740.07,"[{""cik"": ""0001195633"", ""name"": ""HAM WILLIAM F JR"", ""is_director"": true, ""is_officer"": null, ""is_ten_percent_owner"": null, ""is_other"": null, ""officer_title"": null}]",True,843a241a63cb135c9f5f3b6c08f886d853e0d710c3d3faaf336634f098c8109d,2026-10-02 22:43:18,HAM WILLIAM F JR,"AUBURN NATIONAL BANCORPORATION, INC",below_min_purchase_value
2026-10-02 22:16:25,0001536588-26-000038,0002141919,JCTC,False,0000885307,JEWETT CAMERON TRADING CO LTD,JCTC,JCTC,2026-09-30,P,A,5000.0,2.915,14575.0,"[{""cik"": ""0001536588"", ""name"": ""AJB Investment Fund II, LP"", ""is_director"": false, ""is_officer"": false, ""is_ten_percent_owner"": true, ""is_other"": false, ""officer_title"": null}, {""cik"": ""0002141914"", ""name"": ""AJB Capital, LLC"", ""is_director"": false, ""is_officer"": false, ""is_ten_percent_owner"": true, ""is_other"": false, ""officer_title"": null}, {""cik"": ""0002141916"", ""name"": ""Bradley Adam James"", ""is_director"": false, ""is_officer"": false, ""is_ten_percent_owner"": true, ""is_other"": false, ""officer_title"": null}, {""cik"": ""0002141919"", ""name"": ""Bradley Melinda Hodges"", ""is_director"": false, ""is_officer"": false, ""is_ten_percent_owner"": true, ""is_other"": false, ""officer_title"": null}]",False,e4a36b7ae76e503628ad136e19cb365a55f5d1cc99cd3acabdb5b5ca9240a92f,2026-10-02 22:16:25,"AJB Capital, LLC; AJB Investment Fund II, LP; Bradley Adam James; Bradley Melinda Hodges",JEWETT CAMERON TRADING CO LTD,below_min_purchase_value
2026-10-02 22:16:25,0001536588-26-000038,0002141919,JCTC,False,0000885307,JEWETT CAMERON TRADING CO LTD,JCTC,JCTC,2026-09-30,P,A,516.0,2.915,1504.14,"[{""cik"": ""0001536588"", ""name"": ""AJB Investment Fund II, LP"", ""is_director"": false, ""is_officer"": false, ""is_ten_percent_owner"": true, ""is_other"": false, ""officer_title"": null}, {""cik"": ""0002141914"", ""name"": ""AJB Capital, LLC"", ""is_director"": false, ""is_officer"": false, ""is_ten_percent_owner"": true, ""is_other"": false, ""officer_title"": null}, {""cik"": ""0002141916"", ""name"": ""Bradley Adam James"", ""is_director"": false, ""is_officer"": false, ""is_ten_percent_owner"": true, ""is_other"": false, ""officer_title"": null}, {""cik"": ""0002141919"", ""name"": ""Bradley Melinda Hodges"", ""is_director"": false, ""is_officer"": false, ""is_ten_percent_owner"": true, ""is_other"": false, ""officer_title"": null}]",False,698f489707dd4c58fa7b07261812d72181c6244f4d308c98b216ba0c2b753c3d,2026-10-02 22:16:25,"AJB Capital, LLC; AJB Investment Fund II, LP; Bradley Adam James; Bradley Melinda Hodges",JEWETT CAMERON TRADING CO LTD,below_min_purchase_value
2026-10-02 22:16:25,0001536588-26-000038,0002141919,JCTC,False,0000885307,JEWETT CAMERON TRADING CO LTD,JCTC,JCTC,2026-10-01,P,A,22.0,2.932,64.504,"[{""cik"": ""0001536588"", ""name"": ""AJB Investment Fund II, LP"", ""is_director"": false, ""is_officer"": false, ""is_ten_percent_owner"": true, ""is_other"": false, ""officer_title"": null}, {""cik"": ""0002141914"", ""name"": ""AJB Capital, LLC"", ""is_director"": false, ""is_officer"": false, ""is_ten_percent_owner"": true, ""is_other"": false, ""officer_title"": null}, {""cik"": ""0002141916"", ""name"": ""Bradley Adam James"", ""is_director"": false, ""is_officer"": false, ""is_ten_percent_owner"": true, ""is_other"": false, ""officer_title"": null}, {""cik"": ""0002141919"", ""name"": ""Bradley Melinda Hodges"", ""is_director"": false, ""is_officer"": false, ""is_ten_percent_owner"": true, ""is_other"": false, ""officer_title"": null}]",False,5a028de1144234163c67bb723478539a57588ccaec08854684bf56484c44aa8b,2026-10-02 22:16:25,"AJB Capital, LLC; AJB Investment Fund II, LP; Bradley Adam James; Bradley Melinda Hodges",JEWETT CAMERON TRADING CO LTD,below_min_purchase_value
2026-10-02 22:16:25,0001536588-26-000038,0002141919,JCTC,False,0000885307,JEWETT CAMERON TRADING CO LTD,JCTC,JCTC,2026-10-01,P,A,1.0,2.94,2.94,"[{""cik"": ""0001536588"", ""name"": ""AJB Investment Fund II, LP"", ""is_director"": false, ""is_officer"": false, ""is_ten_percent_owner"": true, ""is_other"": false, ""officer_title"": null}, {""cik"": ""0002141914"", ""name"": ""AJB Capital, LLC"", ""is_director"": false, ""is_officer"": false, ""is_ten_percent_owner"": true, ""is_other"": false, ""officer_title"": null}, {""cik"": ""0002141916"", ""name"": ""Bradley Adam James"", ""is_director"": false, ""is_officer"": false, ""is_ten_percent_owner"": true, ""is_other"": false, ""officer_title"": null}, {""cik"": ""0002141919"", ""name"": ""Bradley Melinda Hodges"", ""is_director"": false, ""is_officer"": false, ""is_ten_percent_owner"": true, ""is_other"": false, ""officer_title"": null}]",False,a4141390f77c5bfa6d3a39029e1bad79b0378dab8bafff52bedc6ed1afd75356,2026-10-02 22:16:25,"AJB Capital, LLC; AJB Investment Fund II, LP; Bradley Adam James; Bradley Melinda Hodges",JEWETT CAMERON TRADING CO LTD,below_min_purchase_value
2026-10-02 22:16:25,0001536588-26-000038,0002141919,JCTC,False,0000885307,JEWETT CAMERON TRADING CO LTD,JCTC,JCTC,2026-10-02,P,A,867.0,2.905,2518.635,"[{""cik"": ""0001536588"", ""name"": ""AJB Investment Fund II, LP"", ""is_director"": false, ""is_officer"": false, ""is_ten_percent_owner"": true, ""is_other"": false, ""officer_title"": null}, {""cik"": ""0002141914"", ""name"": ""AJB Capital, LLC"", ""is_director"": false, ""is_officer"": false, ""is_ten_percent_owner"": true, ""is_other"": false, ""officer_title"": null}, {""cik"": ""0002141916"", ""name"": ""Bradley Adam James"", ""is_director"": false, ""is_officer"": false, ""is_ten_percent_owner"": true, ""is_other"": false, ""officer_title"": null}, {""cik"": ""0002141919"", ""name"": ""Bradley Melinda Hodges"", ""is_director"": false, ""is_officer"": false, ""is_ten_percent_owner"": true, ""is_other"": false, ""officer_title"": null}]",False,e622ed6c35f812b31690e26cbeabc30dec2a63b34f48184aa3dddbd69e2555fd,2026-10-02 22:16:25,"AJB Capital, LLC; AJB Investment Fund II, LP; Bradley Adam James; Bradley Melinda Hodges",JEWETT CAMERON TRADING CO LTD,below_min_purchase_value
2026-10-02 22:16:25,0001536588-26-000038,0002141919,JCTC,False,0000885307,JEWETT CAMERON TRADING CO LTD,JCTC,JCTC,2026-10-02,P,A,1510.0,2.915,4401.65,"[{""cik"": ""0001536588"", ""name"": ""AJB Investment Fund II, LP"", ""is_director"": false, ""is_officer"": false, ""is_ten_percent_owner"": true, ""is_other"": false, ""officer_title"": null}, {""cik"": ""0002141914"", ""name"": ""AJB Capital, LLC"", ""is_director"": false, ""is_officer"": false, ""is_ten_percent_owner"": true, ""is_other"": false, ""officer_title"": null}, {""cik"": ""0002141916"", ""name"": ""Bradley Adam James"", ""is_director"": false, ""is_officer"": false, ""is_ten_percent_owner"": true, ""is_other"": false, ""officer_title"": null}, {""cik"": ""0002141919"", ""name"": ""Bradley Melinda Hodges"", ""is_director"": false, ""is_officer"": false, ""is_ten_percent_owner"": true, ""is_other"": false, ""officer_title"": null}]",False,d77256c7833c7e32a2a3bb9b436f9fe5c7f785d431536d145645b34553f7575e,2026-10-02 22:16:25,"AJB Capital, LLC; AJB Investment Fund II, LP; Bradley Adam James; Bradley Melinda Hodges",JEWETT CAMERON TRADING CO LTD,below_min_purchase_value
2026-10-02 22:14:31,0000919574-26-006648,0002046647,N/A,False,0001966394,Fortress Net Lease REIT,N/A,Class F-I Common Shares of Beneficial Interest,2026-10-01,P,A,1860568.96,10.7494,19999999.978624,"[{""cik"": ""0001483232"", ""name"": ""TIEDEMANN ADVISORS, LLC"", ""is_director"": false, ""is_officer"": false, ""is_ten_percent_owner"": true, ""is_other"": false, ""officer_title"": null}, {""cik"": ""0001452337"", ""name"": ""TTC MULTI-STRATEGY FUND QP, LP"", ""is_director"": false, ""is_officer"": false, ""is_ten_percent_owner"": true, ""is_other"": false, ""officer_title"": null}, {""cik"": ""0002046647"", ""name"": ""Tiedemann Advisors GP, LLC"", ""is_director"": false, ""is_officer"": false, ""is_ten_percent_owner"": true, ""is_other"": false, ""officer_title"": null}, {""cik"": ""0001838615"", ""name"": ""AlTi Global, Inc."", ""is_director"": false, ""is_officer"": false, ""is_ten_percent_owner"": true, ""is_other"": false, ""officer_title"": null}, {""cik"": ""0001972890"", ""name"": ""AlTi Wealth & Capital Solutions Holdings, LLC"", ""is_director"": false, ""is_officer"": false, ""is_ten_percent_owner"": true, ""is_other"": false, ""officer_title"": null}, {""cik"": ""0002046392"", ""name"": ""AlTi Global Holdings, LLC"", ""is_director"": false, ""is_officer"": false, ""is_ten_percent_owner"": true, ""is_other"": false, ""officer_title"": null}, {""cik"": ""0002046393"", ""name"": ""AlTi Global Topco Ltd"", ""is_director"": false, ""is_officer"": false, ""is_ten_percent_owner"": true, ""is_other"": false, ""officer_title"": null}, {""cik"": ""0002046389"", ""name"": ""AlTI Global Capital, LLC"", ""is_director"": false, ""is_officer"": false, ""is_ten_percent_owner"": true, ""is_other"": false, ""officer_title"": null}]",False,c435dc857f90da0958168521ca4d93b8861686b66f422c1bfb87614b051c0b73,2026-10-02 22:14:31,"AlTI Global Capital, LLC; AlTi Global Holdings, LLC; AlTi Global Topco Ltd; AlTi Global, Inc.; AlTi Wealth & Capital Solutions Holdings, LLC; TIEDEMANN ADVISORS, LLC; TTC MULTI-STRATEGY FUND QP, LP; Tiedemann Advisors GP, LLC",Fortress Net Lease REIT,ineligible_owner
2026-10-02 22:14:31,0000919574-26-006648,0002046647,N/A,False,0001966394,Fortress Net Lease REIT,N/A,Class F-I Common Shares of Beneficial Interest,2026-10-01,P,A,0.0,0.0,0.0,"[{""cik"": ""0001483232"", ""name"": ""TIEDEMANN ADVISORS, LLC"", ""is_director"": false, ""is_officer"": false, ""is_ten_percent_owner"": true, ""is_other"": false, ""officer_title"": null}, {""cik"": ""0001452337"", ""name"": ""TTC MULTI-STRATEGY FUND QP, LP"", ""is_director"": false, ""is_officer"": false, ""is_ten_percent_owner"": true, ""is_other"": false, ""officer_title"": null}, {""cik"": ""0002046647"", ""name"": ""Tiedemann Advisors GP, LLC"", ""is_director"": false, ""is_officer"": false, ""is_ten_percent_owner"": true, ""is_other"": false, ""officer_title"": null}, {""cik"": ""0001838615"", ""name"": ""AlTi Global, Inc."", ""is_director"": false, ""is_officer"": false, ""is_ten_percent_owner"": true, ""is_other"": false, ""officer_title"": null}, {""cik"": ""0001972890"", ""name"": ""AlTi Wealth & Capital Solutions Holdings, LLC"", ""is_director"": false, ""is_officer"": false, ""is_ten_percent_owner"": true, ""is_other"": false, ""officer_title"": null}, {""cik"": ""0002046392"", ""name"": ""AlTi Global Holdings, LLC"", ""is_director"": false, ""is_officer"": false, ""is_ten_percent_owner"": true, ""is_other"": false, ""officer_title"": null}, {""cik"": ""0002046393"", ""name"": ""AlTi Global Topco Ltd"", ""is_director"": false, ""is_officer"": false, ""is_ten_percent_owner"": true, ""is_other"": false, ""officer_title"": null}, {""cik"": ""0002046389"", ""name"": ""AlTI Global Capital, LLC"", ""is_director"": false, ""is_officer"": false, ""is_ten_percent_owner"": true, ""is_other"": false, ""officer_title"": null}]",False,05ef38fbb43e3adbc2a5d3572033aa9b21d46a44ad80609a24de51fe3034fd69,2026-10-02 22:14:31,"AlTI Global Capital, LLC; AlTi Global Holdings, LLC; AlTi Global Topco Ltd; AlTi Global, Inc.; AlTi Wealth & Capital Solutions Holdings, LLC; TIEDEMANN ADVISORS, LLC; TTC MULTI-STRATEGY FUND QP, LP; Tiedemann Advisors GP, LLC",Fortress Net Lease REIT,below_min_purchase_value
