title,form_type,accepted_at,accession,cik,company_name,ticker,primary_document,archive_base_url,source_url,amendment_flag
"4 - Sinclair, Inc. (0001971213) (Issuer)",4,2026-10-03 01:48:24,0001254012-26-000004,0001971213,"4 - Sinclair, Inc. (0001971213) (Issuer)",,,https://www.sec.gov/Archives/edgar/data/1971213/000125401226000004,https://www.sec.gov/Archives/edgar/data/1971213/000125401226000004/0001254012-26-000004-index.htm,False
4 - HANDLER RICHARD B (0001211677) (Reporting),4,2026-10-03 01:48:19,0001214659-26-012521,0001211677,4 - HANDLER RICHARD B (0001211677) (Reporting),,,https://www.sec.gov/Archives/edgar/data/1211677/000121465926012521,https://www.sec.gov/Archives/edgar/data/1211677/000121465926012521/0001214659-26-012521-index.htm,False
4 - ADAMEK PETER (0002028075) (Reporting),4,2026-10-03 01:42:37,0001214659-26-012520,0002028075,4 - ADAMEK PETER (0002028075) (Reporting),,,https://www.sec.gov/Archives/edgar/data/2028075/000121465926012520,https://www.sec.gov/Archives/edgar/data/2028075/000121465926012520/0001214659-26-012520-index.htm,False
4 - WILLIAMS RICHARD ALAN (0002009896) (Reporting),4,2026-10-03 01:42:16,0001214659-26-012519,0002009896,4 - WILLIAMS RICHARD ALAN (0002009896) (Reporting),,,https://www.sec.gov/Archives/edgar/data/2009896/000121465926012519,https://www.sec.gov/Archives/edgar/data/2009896/000121465926012519/0001214659-26-012519-index.htm,False
4 - Lang Gregory A. (0001562640) (Reporting),4,2026-10-03 01:41:55,0001214659-26-012518,0001562640,4 - Lang Gregory A. (0001562640) (Reporting),,,https://www.sec.gov/Archives/edgar/data/1562640/000121465926012518,https://www.sec.gov/Archives/edgar/data/1562640/000121465926012518/0001214659-26-012518-index.htm,False
4 - Chapman Steven Leonard (0001711968) (Reporting),4,2026-10-03 01:35:07,0001711968-26-000023,0001711968,4 - Chapman Steven Leonard (0001711968) (Reporting),,,https://www.sec.gov/Archives/edgar/data/1711968/000171196826000023,https://www.sec.gov/Archives/edgar/data/1711968/000171196826000023/0001711968-26-000023-index.htm,False
4 - Moshkevich Solomon (0002010019) (Reporting),4,2026-10-03 01:35:06,0002010019-26-000030,0002010019,4 - Moshkevich Solomon (0002010019) (Reporting),,,https://www.sec.gov/Archives/edgar/data/2010019/000201001926000030,https://www.sec.gov/Archives/edgar/data/2010019/000201001926000030/0002010019-26-000030-index.htm,False
4 - Sentonas Michael (0001968270) (Reporting),4,2026-10-03 01:31:24,0000950103-26-015176,0001968270,4 - Sentonas Michael (0001968270) (Reporting),,,https://www.sec.gov/Archives/edgar/data/1968270/000095010326015176,https://www.sec.gov/Archives/edgar/data/1968270/000095010326015176/0000950103-26-015176-index.htm,False
4 - King-Jones Heidy (0001794898) (Reporting),4,2026-10-03 01:30:15,0001636282-26-000119,0001794898,4 - King-Jones Heidy (0001794898) (Reporting),,,https://www.sec.gov/Archives/edgar/data/1794898/000163628226000119,https://www.sec.gov/Archives/edgar/data/1794898/000163628226000119/0001636282-26-000119-index.htm,False
4 - Simpson Stuart (0002119853) (Reporting),4,2026-10-03 01:30:08,0001104659-26-113437,0002119853,4 - Simpson Stuart (0002119853) (Reporting),,,https://www.sec.gov/Archives/edgar/data/2119853/000110465926113437,https://www.sec.gov/Archives/edgar/data/2119853/000110465926113437/0001104659-26-113437-index.htm,False
4 - Turtle Cameron (0001758363) (Reporting),4,2026-10-03 01:29:57,0001636282-26-000118,0001758363,4 - Turtle Cameron (0001758363) (Reporting),,,https://www.sec.gov/Archives/edgar/data/1758363/000163628226000118,https://www.sec.gov/Archives/edgar/data/1758363/000163628226000118/0001636282-26-000118-index.htm,False
4 - Burrows Scott L (0001853327) (Reporting),4,2026-10-03 01:29:27,0001636282-26-000117,0001853327,4 - Burrows Scott L (0001853327) (Reporting),,,https://www.sec.gov/Archives/edgar/data/1853327/000163628226000117,https://www.sec.gov/Archives/edgar/data/1853327/000163628226000117/0001636282-26-000117-index.htm,False
4 - Brill Meredith B. (0001941070) (Reporting),4,2026-10-03 01:20:48,0001193125-26-412861,0001941070,4 - Brill Meredith B. (0001941070) (Reporting),,,https://www.sec.gov/Archives/edgar/data/1941070/000119312526412861,https://www.sec.gov/Archives/edgar/data/1941070/000119312526412861/0001193125-26-412861-index.htm,False
4 - Kondra Cheryl (0001899993) (Reporting),4,2026-10-03 01:17:38,0001193125-26-412856,0001899993,4 - Kondra Cheryl (0001899993) (Reporting),,,https://www.sec.gov/Archives/edgar/data/1899993/000119312526412856,https://www.sec.gov/Archives/edgar/data/1899993/000119312526412856/0001193125-26-412856-index.htm,False
4 - Waters Bryan W. (0001638734) (Reporting),4,2026-10-03 01:15:00,0001193125-26-412847,0001638734,4 - Waters Bryan W. (0001638734) (Reporting),,,https://www.sec.gov/Archives/edgar/data/1638734/000119312526412847,https://www.sec.gov/Archives/edgar/data/1638734/000119312526412847/0001193125-26-412847-index.htm,False
4 - Gline Matthew (0001750094) (Reporting),4,2026-10-03 01:00:55,0001140361-26-038475,0001750094,4 - Gline Matthew (0001750094) (Reporting),,,https://www.sec.gov/Archives/edgar/data/1750094/000114036126038475,https://www.sec.gov/Archives/edgar/data/1750094/000114036126038475/0001140361-26-038475-index.htm,False
4 - Torti Frank (0001647805) (Reporting),4,2026-10-03 01:00:11,0001140361-26-038474,0001647805,4 - Torti Frank (0001647805) (Reporting),,,https://www.sec.gov/Archives/edgar/data/1647805/000114036126038474,https://www.sec.gov/Archives/edgar/data/1647805/000114036126038474/0001140361-26-038474-index.htm,False
4 - Summit Midstream Corp (0002024218) (Issuer),4,2026-10-03 00:58:42,0002024218-26-000091,0002024218,4 - Summit Midstream Corp (0002024218) (Issuer),,,https://www.sec.gov/Archives/edgar/data/2024218/000202421826000091,https://www.sec.gov/Archives/edgar/data/2024218/000202421826000091/0002024218-26-000091-index.htm,False
4 - Whitesell Patrick (0001531362) (Reporting),4,2026-10-03 00:48:50,0001336917-26-000155,0001531362,4 - Whitesell Patrick (0001531362) (Reporting),,,https://www.sec.gov/Archives/edgar/data/1531362/000133691726000155,https://www.sec.gov/Archives/edgar/data/1531362/000133691726000155/0001336917-26-000155-index.htm,False
4 - Sweeney Robert John (0002066263) (Reporting),4,2026-10-03 00:47:31,0001336917-26-000153,0002066263,4 - Sweeney Robert John (0002066263) (Reporting),,,https://www.sec.gov/Archives/edgar/data/2066263/000133691726000153,https://www.sec.gov/Archives/edgar/data/2066263/000133691726000153/0001336917-26-000153-index.htm,False
4 - Gibbs David W (0001628590) (Reporting),4,2026-10-03 00:46:32,0001336917-26-000151,0001628590,4 - Gibbs David W (0001628590) (Reporting),,,https://www.sec.gov/Archives/edgar/data/1628590/000133691726000151,https://www.sec.gov/Archives/edgar/data/1628590/000133691726000151/0001336917-26-000151-index.htm,False
4 - Fitzpatrick Dawn N. (0001611994) (Reporting),4,2026-10-03 00:45:28,0001336917-26-000149,0001611994,4 - Fitzpatrick Dawn N. (0001611994) (Reporting),,,https://www.sec.gov/Archives/edgar/data/1611994/000133691726000149,https://www.sec.gov/Archives/edgar/data/1611994/000133691726000149/0001336917-26-000149-index.htm,False
4 - Everson Carolyn (0001577369) (Reporting),4,2026-10-03 00:43:38,0001336917-26-000147,0001577369,4 - Everson Carolyn (0001577369) (Reporting),,,https://www.sec.gov/Archives/edgar/data/1577369/000133691726000147,https://www.sec.gov/Archives/edgar/data/1577369/000133691726000147/0001336917-26-000147-index.htm,False
4 - El-Erian Mohamed (0001424598) (Reporting),4,2026-10-03 00:42:16,0001336917-26-000145,0001424598,4 - El-Erian Mohamed (0001424598) (Reporting),,,https://www.sec.gov/Archives/edgar/data/1424598/000133691726000145,https://www.sec.gov/Archives/edgar/data/1424598/000133691726000145/0001336917-26-000145-index.htm,False
"4 - Under Armour, Inc. (0001336917) (Issuer)",4,2026-10-03 00:41:14,0001336917-26-000143,0001336917,"4 - Under Armour, Inc. (0001336917) (Issuer)",,,https://www.sec.gov/Archives/edgar/data/1336917/000133691726000143,https://www.sec.gov/Archives/edgar/data/1336917/000133691726000143/0001336917-26-000143-index.htm,False
4 - Lin Yi-Chien (0002144385) (Reporting),4,2026-10-03 00:24:58,0002144385-26-000005,0002144385,4 - Lin Yi-Chien (0002144385) (Reporting),,,https://www.sec.gov/Archives/edgar/data/2144385/000214438526000005,https://www.sec.gov/Archives/edgar/data/2144385/000214438526000005/0002144385-26-000005-index.htm,False
4 - Hartnett Timothy (0001833849) (Reporting),4,2026-10-03 00:24:00,0001193125-26-412798,0001833849,4 - Hartnett Timothy (0001833849) (Reporting),,,https://www.sec.gov/Archives/edgar/data/1833849/000119312526412798,https://www.sec.gov/Archives/edgar/data/1833849/000119312526412798/0001193125-26-412798-index.htm,False
4 - LASKOWSKI KEITH (0001495872) (Reporting),4,2026-10-03 00:22:56,0001104659-26-113429,0001495872,4 - LASKOWSKI KEITH (0001495872) (Reporting),,,https://www.sec.gov/Archives/edgar/data/1495872/000110465926113429,https://www.sec.gov/Archives/edgar/data/1495872/000110465926113429/0001104659-26-113429-index.htm,False
4 - Venturo Brian M (0002058067) (Reporting),4,2026-10-03 00:21:44,0001769628-26-000445,0002058067,4 - Venturo Brian M (0002058067) (Reporting),,,https://www.sec.gov/Archives/edgar/data/2058067/000176962826000445,https://www.sec.gov/Archives/edgar/data/2058067/000176962826000445/0001769628-26-000445-index.htm,False
4 - McVeety Kristen J (0002058048) (Reporting),4,2026-10-03 00:20:32,0001769628-26-000444,0002058048,4 - McVeety Kristen J (0002058048) (Reporting),,,https://www.sec.gov/Archives/edgar/data/2058048/000176962826000444,https://www.sec.gov/Archives/edgar/data/2058048/000176962826000444/0001769628-26-000444-index.htm,False
4 - McBee Brannin (0002058103) (Reporting),4,2026-10-03 00:19:17,0001769628-26-000443,0002058103,4 - McBee Brannin (0002058103) (Reporting),,,https://www.sec.gov/Archives/edgar/data/2058103/000176962826000443,https://www.sec.gov/Archives/edgar/data/2058103/000176962826000443/0001769628-26-000443-index.htm,False
4 - Jain Sachin (0002124855) (Reporting),4,2026-10-03 00:17:08,0001769628-26-000442,0002124855,4 - Jain Sachin (0002124855) (Reporting),,,https://www.sec.gov/Archives/edgar/data/2124855/000176962826000442,https://www.sec.gov/Archives/edgar/data/2124855/000176962826000442/0001769628-26-000442-index.htm,False
4 - United Parks & Resorts Inc. (0001564902) (Issuer),4,2026-10-03 00:15:44,0001193125-26-412791,0001564902,4 - United Parks & Resorts Inc. (0001564902) (Issuer),,,https://www.sec.gov/Archives/edgar/data/1564902/000119312526412791,https://www.sec.gov/Archives/edgar/data/1564902/000119312526412791/0001193125-26-412791-index.htm,False
4 - Intrator Michael N (0002058037) (Reporting),4,2026-10-03 00:15:40,0001769628-26-000441,0002058037,4 - Intrator Michael N (0002058037) (Reporting),,,https://www.sec.gov/Archives/edgar/data/2058037/000176962826000441,https://www.sec.gov/Archives/edgar/data/2058037/000176962826000441/0001769628-26-000441-index.htm,False
4 - Narang Neha Jogani (0001789425) (Reporting),4,2026-10-03 00:15:29,0001193125-26-412790,0001789425,4 - Narang Neha Jogani (0001789425) (Reporting),,,https://www.sec.gov/Archives/edgar/data/1789425/000119312526412790,https://www.sec.gov/Archives/edgar/data/1789425/000119312526412790/0001193125-26-412790-index.htm,False
4 - Goldberg Chen (0002058056) (Reporting),4,2026-10-03 00:14:41,0001769628-26-000440,0002058056,4 - Goldberg Chen (0002058056) (Reporting),,,https://www.sec.gov/Archives/edgar/data/2058056/000176962826000440,https://www.sec.gov/Archives/edgar/data/2058056/000176962826000440/0001769628-26-000440-index.htm,False
"4 - Glow Holdings Aggregator, LLC (0002136777) (Reporting)",4,2026-10-03 00:14:02,0001193125-26-412788,0002136777,"4 - Glow Holdings Aggregator, LLC (0002136777) (Reporting)",,,https://www.sec.gov/Archives/edgar/data/2136777/000119312526412788,https://www.sec.gov/Archives/edgar/data/2136777/000119312526412788/0001193125-26-412788-index.htm,False
"4 - CoreWeave, Inc. (0001769628) (Issuer)",4,2026-10-03 00:13:14,0001769628-26-000439,0001769628,"4 - CoreWeave, Inc. (0001769628) (Issuer)",,,https://www.sec.gov/Archives/edgar/data/1769628/000176962826000439,https://www.sec.gov/Archives/edgar/data/1769628/000176962826000439/0001769628-26-000439-index.htm,False
4 - Rivera Eric (0002026265) (Reporting),4,2026-10-03 00:13:03,0001140361-26-038469,0002026265,4 - Rivera Eric (0002026265) (Reporting),,,https://www.sec.gov/Archives/edgar/data/2026265/000114036126038469,https://www.sec.gov/Archives/edgar/data/2026265/000114036126038469/0001140361-26-038469-index.htm,False
4 - United Parks & Resorts Inc. (0001564902) (Issuer),4,2026-10-03 00:12:21,0001193125-26-412785,0001564902,4 - United Parks & Resorts Inc. (0001564902) (Issuer),,,https://www.sec.gov/Archives/edgar/data/1564902/000119312526412785,https://www.sec.gov/Archives/edgar/data/1564902/000119312526412785/0001193125-26-412785-index.htm,False
4 - Meister Keith A. (0001307631) (Reporting),4,2026-10-03 00:12:04,0001110803-26-000181,0001307631,4 - Meister Keith A. (0001307631) (Reporting),,,https://www.sec.gov/Archives/edgar/data/1307631/000111080326000181,https://www.sec.gov/Archives/edgar/data/1307631/000111080326000181/0001110803-26-000181-index.htm,False
4 - Agrawal Nitin (0002058038) (Reporting),4,2026-10-03 00:11:38,0001769628-26-000438,0002058038,4 - Agrawal Nitin (0002058038) (Reporting),,,https://www.sec.gov/Archives/edgar/data/2058038/000176962826000438,https://www.sec.gov/Archives/edgar/data/2058038/000176962826000438/0001769628-26-000438-index.htm,False
4 - Del Moral-Niles Christopher (0001526943) (Reporting),4,2026-10-03 00:11:14,0001526943-26-000002,0001526943,4 - Del Moral-Niles Christopher (0001526943) (Reporting),,,https://www.sec.gov/Archives/edgar/data/1526943/000152694326000002,https://www.sec.gov/Archives/edgar/data/1526943/000152694326000002/0001526943-26-000002-index.htm,False
4 - Sarkhani Arshia (0001928588) (Reporting),4,2026-10-03 00:09:58,0001628280-26-064735,0001928588,4 - Sarkhani Arshia (0001928588) (Reporting),,,https://www.sec.gov/Archives/edgar/data/1928588/000162828026064735,https://www.sec.gov/Archives/edgar/data/1928588/000162828026064735/0001628280-26-064735-index.htm,False
4 - Beirne Brian Logan (0002084255) (Reporting),4,2026-10-03 00:09:52,0001628280-26-064734,0002084255,4 - Beirne Brian Logan (0002084255) (Reporting),,,https://www.sec.gov/Archives/edgar/data/2084255/000162828026064734,https://www.sec.gov/Archives/edgar/data/2084255/000162828026064734/0001628280-26-064734-index.htm,False
4 - United Parks & Resorts Inc. (0001564902) (Issuer),4,2026-10-03 00:09:47,0001193125-26-412781,0001564902,4 - United Parks & Resorts Inc. (0001564902) (Issuer),,,https://www.sec.gov/Archives/edgar/data/1564902/000119312526412781,https://www.sec.gov/Archives/edgar/data/1564902/000119312526412781/0001193125-26-412781-index.htm,False
4 - Ramakrishnan Mahesh (0002086366) (Reporting),4,2026-10-03 00:09:45,0001628280-26-064733,0002086366,4 - Ramakrishnan Mahesh (0002086366) (Reporting),,,https://www.sec.gov/Archives/edgar/data/2086366/000162828026064733,https://www.sec.gov/Archives/edgar/data/2086366/000162828026064733/0001628280-26-064733-index.htm,False
4 - Rochard Pierre (0002086233) (Reporting),4,2026-10-03 00:09:37,0001628280-26-064732,0002086233,4 - Rochard Pierre (0002086233) (Reporting),,,https://www.sec.gov/Archives/edgar/data/2086233/000162828026064732,https://www.sec.gov/Archives/edgar/data/2086233/000162828026064732/0001628280-26-064732-index.htm,False
"4 - Strive, Inc. (0001920406) (Issuer)",4,2026-10-03 00:09:32,0001628280-26-064731,0001920406,"4 - Strive, Inc. (0001920406) (Issuer)",,,https://www.sec.gov/Archives/edgar/data/1920406/000162828026064731,https://www.sec.gov/Archives/edgar/data/1920406/000162828026064731/0001628280-26-064731-index.htm,False
4 - Cole Matthew Ryan (0002084252) (Reporting),4,2026-10-03 00:09:26,0001628280-26-064730,0002084252,4 - Cole Matthew Ryan (0002084252) (Reporting),,,https://www.sec.gov/Archives/edgar/data/2084252/000162828026064730,https://www.sec.gov/Archives/edgar/data/2084252/000162828026064730/0001628280-26-064730-index.htm,False
4 - Pham Benjamin (0002084539) (Reporting),4,2026-10-03 00:09:19,0001628280-26-064729,0002084539,4 - Pham Benjamin (0002084539) (Reporting),,,https://www.sec.gov/Archives/edgar/data/2084539/000162828026064729,https://www.sec.gov/Archives/edgar/data/2084539/000162828026064729/0001628280-26-064729-index.htm,False
"4 - Strive, Inc. (0001920406) (Issuer)",4,2026-10-03 00:09:11,0001628280-26-064728,0001920406,"4 - Strive, Inc. (0001920406) (Issuer)",,,https://www.sec.gov/Archives/edgar/data/1920406/000162828026064728,https://www.sec.gov/Archives/edgar/data/1920406/000162828026064728/0001628280-26-064728-index.htm,False
4 - Lavish James (0002086557) (Reporting),4,2026-10-03 00:09:03,0001628280-26-064727,0002086557,4 - Lavish James (0002086557) (Reporting),,,https://www.sec.gov/Archives/edgar/data/2086557/000162828026064727,https://www.sec.gov/Archives/edgar/data/2086557/000162828026064727/0001628280-26-064727-index.htm,False
4 - Jajodia Shirish (0002085090) (Reporting),4,2026-10-03 00:08:55,0001628280-26-064726,0002085090,4 - Jajodia Shirish (0002085090) (Reporting),,,https://www.sec.gov/Archives/edgar/data/2085090/000162828026064726,https://www.sec.gov/Archives/edgar/data/2085090/000162828026064726/0001628280-26-064726-index.htm,False
4 - Hennessy Paul J. (0001637941) (Reporting),4,2026-10-03 00:05:07,0001637941-26-000006,0001637941,4 - Hennessy Paul J. (0001637941) (Reporting),,,https://www.sec.gov/Archives/edgar/data/1637941/000163794126000006,https://www.sec.gov/Archives/edgar/data/1637941/000163794126000006/0001637941-26-000006-index.htm,False
4 - ZHANG RUI (0002107725) (Reporting),4,2026-10-03 00:03:51,0001140361-26-038465,0002107725,4 - ZHANG RUI (0002107725) (Reporting),,,https://www.sec.gov/Archives/edgar/data/2107725/000114036126038465,https://www.sec.gov/Archives/edgar/data/2107725/000114036126038465/0001140361-26-038465-index.htm,False
4 - Shek Bernard (0002060144) (Reporting),4,2026-10-03 00:02:08,0001242648-26-000045,0002060144,4 - Shek Bernard (0002060144) (Reporting),,,https://www.sec.gov/Archives/edgar/data/2060144/000124264826000045,https://www.sec.gov/Archives/edgar/data/2060144/000124264826000045/0001242648-26-000045-index.htm,False
4 - Snowflake Inc. (0001640147) (Issuer),4,2026-10-03 00:00:09,0001433644-26-000017,0001640147,4 - Snowflake Inc. (0001640147) (Issuer),,,https://www.sec.gov/Archives/edgar/data/1640147/000143364426000017,https://www.sec.gov/Archives/edgar/data/1640147/000143364426000017/0001433644-26-000017-index.htm,False
4 - Metallus Inc. (0001598428) (Issuer),4,2026-10-03 00:00:03,0001193125-26-412772,0001598428,4 - Metallus Inc. (0001598428) (Issuer),,,https://www.sec.gov/Archives/edgar/data/1598428/000119312526412772,https://www.sec.gov/Archives/edgar/data/1598428/000119312526412772/0001193125-26-412772-index.htm,False
4 - Kleinerman Christian (0001979088) (Reporting),4,2026-10-02 23:59:08,0001979088-26-000022,0001979088,4 - Kleinerman Christian (0001979088) (Reporting),,,https://www.sec.gov/Archives/edgar/data/1979088/000197908826000022,https://www.sec.gov/Archives/edgar/data/1979088/000197908826000022/0001979088-26-000022-index.htm,False
4 - Hansen Paula (0001842656) (Reporting),4,2026-10-02 23:59:03,0001842656-26-000016,0001842656,4 - Hansen Paula (0001842656) (Reporting),,,https://www.sec.gov/Archives/edgar/data/1842656/000184265626000016,https://www.sec.gov/Archives/edgar/data/1842656/000184265626000016/0001842656-26-000016-index.htm,False
4 - Shaughnessy James P (0001294600) (Reporting),4,2026-10-02 23:58:57,0001294600-26-000018,0001294600,4 - Shaughnessy James P (0001294600) (Reporting),,,https://www.sec.gov/Archives/edgar/data/1294600/000129460026000018,https://www.sec.gov/Archives/edgar/data/1294600/000129460026000018/0001294600-26-000018-index.htm,False
4 - Thygesen Allan C. (0001657309) (Reporting),4,2026-10-02 23:58:51,0001657309-26-000016,0001657309,4 - Thygesen Allan C. (0001657309) (Reporting),,,https://www.sec.gov/Archives/edgar/data/1657309/000165730926000016,https://www.sec.gov/Archives/edgar/data/1657309/000165730926000016/0001657309-26-000016-index.htm,False
"4 - DOCUSIGN, INC. (0001261333) (Issuer)",4,2026-10-02 23:58:44,0001180610-26-000011,0001261333,"4 - DOCUSIGN, INC. (0001261333) (Issuer)",,,https://www.sec.gov/Archives/edgar/data/1261333/000118061026000011,https://www.sec.gov/Archives/edgar/data/1261333/000118061026000011/0001180610-26-000011-index.htm,False
"4 - DigitalOcean Holdings, Inc. (0001582961) (Issuer)",4,2026-10-02 23:58:16,0001193846-26-000012,0001582961,"4 - DigitalOcean Holdings, Inc. (0001582961) (Issuer)",,,https://www.sec.gov/Archives/edgar/data/1582961/000119384626000012,https://www.sec.gov/Archives/edgar/data/1582961/000119384626000012/0001193846-26-000012-index.htm,False
4 - Keffer Pueo (0001837068) (Reporting),4,2026-10-02 23:57:22,0001837068-26-000010,0001837068,4 - Keffer Pueo (0001837068) (Reporting),,,https://www.sec.gov/Archives/edgar/data/1837068/000183706826000010,https://www.sec.gov/Archives/edgar/data/1837068/000183706826000010/0001837068-26-000010-index.htm,False
4 - Ullem Scott B. (0001446989) (Reporting),4,2026-10-02 23:56:07,0001110803-26-000180,0001446989,4 - Ullem Scott B. (0001446989) (Reporting),,,https://www.sec.gov/Archives/edgar/data/1446989/000111080326000180,https://www.sec.gov/Archives/edgar/data/1446989/000111080326000180/0001110803-26-000180-index.htm,False
4 - Arora Pratima (0001849632) (Reporting),4,2026-10-02 23:56:06,0001849632-26-000006,0001849632,4 - Arora Pratima (0001849632) (Reporting),,,https://www.sec.gov/Archives/edgar/data/1849632/000184963226000006,https://www.sec.gov/Archives/edgar/data/1849632/000184963226000006/0001849632-26-000006-index.htm,False
"4 - DigitalOcean Holdings, Inc. (0001582961) (Issuer)",4,2026-10-02 23:55:12,0001208736-26-000012,0001582961,"4 - DigitalOcean Holdings, Inc. (0001582961) (Issuer)",,,https://www.sec.gov/Archives/edgar/data/1582961/000120873626000012,https://www.sec.gov/Archives/edgar/data/1582961/000120873626000012/0001208736-26-000012-index.htm,False
4 - Klein Lawrence Otto (0001762583) (Reporting),4,2026-10-02 23:54:44,0000907654-26-000104,0001762583,4 - Klein Lawrence Otto (0001762583) (Reporting),,,https://www.sec.gov/Archives/edgar/data/1762583/000090765426000104,https://www.sec.gov/Archives/edgar/data/1762583/000090765426000104/0000907654-26-000104-index.htm,False
"4 - DigitalOcean Holdings, Inc. (0001582961) (Issuer)",4,2026-10-02 23:53:01,0001366975-26-000010,0001582961,"4 - DigitalOcean Holdings, Inc. (0001582961) (Issuer)",,,https://www.sec.gov/Archives/edgar/data/1582961/000136697526000010,https://www.sec.gov/Archives/edgar/data/1582961/000136697526000010/0001366975-26-000010-index.htm,False
4 - Kumar Vinay S. (0002107261) (Reporting),4,2026-10-02 23:52:07,0002107261-26-000013,0002107261,4 - Kumar Vinay S. (0002107261) (Reporting),,,https://www.sec.gov/Archives/edgar/data/2107261/000210726126000013,https://www.sec.gov/Archives/edgar/data/2107261/000210726126000013/0002107261-26-000013-index.htm,False
4 - Halabu David Elias (0002110997) (Reporting),4,2026-10-02 23:50:00,0001185185-26-004561,0002110997,4 - Halabu David Elias (0002110997) (Reporting),,,https://www.sec.gov/Archives/edgar/data/2110997/000118518526004561,https://www.sec.gov/Archives/edgar/data/2110997/000118518526004561/0001185185-26-004561-index.htm,False
4 - Williams Myron K (0001901459) (Reporting),4,2026-10-02 23:49:41,0001901459-26-000005,0001901459,4 - Williams Myron K (0001901459) (Reporting),,,https://www.sec.gov/Archives/edgar/data/1901459/000190145926000005,https://www.sec.gov/Archives/edgar/data/1901459/000190145926000005/0001901459-26-000005-index.htm,False
4 - HANNA JOSEPH F (0001226137) (Reporting),4,2026-10-02 23:48:30,0001226137-26-000006,0001226137,4 - HANNA JOSEPH F (0001226137) (Reporting),,,https://www.sec.gov/Archives/edgar/data/1226137/000122613726000006,https://www.sec.gov/Archives/edgar/data/1226137/000122613726000006/0001226137-26-000006-index.htm,False
"4 - Baldwin Insurance Group, Inc. (0001781755) (Issuer)",4,2026-10-02 23:47:05,0001019438-26-000005,0001781755,"4 - Baldwin Insurance Group, Inc. (0001781755) (Issuer)",,,https://www.sec.gov/Archives/edgar/data/1781755/000101943826000005,https://www.sec.gov/Archives/edgar/data/1781755/000101943826000005/0001019438-26-000005-index.htm,False
"4 - Foundation Fighting Blindness, Inc. (0002042532) (Reporting)",4,2026-10-02 23:47:01,0002042266-26-000002,0002042532,"4 - Foundation Fighting Blindness, Inc. (0002042532) (Reporting)",,,https://www.sec.gov/Archives/edgar/data/2042532/000204226626000002,https://www.sec.gov/Archives/edgar/data/2042532/000204226626000002/0002042266-26-000002-index.htm,False
4 - Parasuraman Sunita (0001901482) (Reporting),4,2026-10-02 23:46:38,0001901482-26-000009,0001901482,4 - Parasuraman Sunita (0001901482) (Reporting),,,https://www.sec.gov/Archives/edgar/data/1901482/000190148226000009,https://www.sec.gov/Archives/edgar/data/1901482/000190148226000009/0001901482-26-000009-index.htm,False
4 - Sparks Paul Eugene (0002103719) (Reporting),4,2026-10-02 23:45:53,0002103719-26-000008,0002103719,4 - Sparks Paul Eugene (0002103719) (Reporting),,,https://www.sec.gov/Archives/edgar/data/2103719/000210371926000008,https://www.sec.gov/Archives/edgar/data/2103719/000210371926000008/0002103719-26-000008-index.htm,False
4 - Cohen Jay A (0001866862) (Reporting),4,2026-10-02 23:45:02,0001866862-26-000005,0001866862,4 - Cohen Jay A (0001866862) (Reporting),,,https://www.sec.gov/Archives/edgar/data/1866862/000186686226000005,https://www.sec.gov/Archives/edgar/data/1866862/000186686226000005/0001866862-26-000005-index.htm,False
4 - Muthukrishnan Sathish (0001974546) (Reporting),4,2026-10-02 23:44:37,0001974546-26-000005,0001974546,4 - Muthukrishnan Sathish (0001974546) (Reporting),,,https://www.sec.gov/Archives/edgar/data/1974546/000197454626000005,https://www.sec.gov/Archives/edgar/data/1974546/000197454626000005/0001974546-26-000005-index.htm,False
"4 - Baldwin Insurance Group, Inc. (0001781755) (Issuer)",4,2026-10-02 23:43:37,0001600370-26-000005,0001781755,"4 - Baldwin Insurance Group, Inc. (0001781755) (Issuer)",,,https://www.sec.gov/Archives/edgar/data/1781755/000160037026000005,https://www.sec.gov/Archives/edgar/data/1781755/000160037026000005/0001600370-26-000005-index.htm,False
4 - Prager Lisa A. (0001877256) (Reporting),4,2026-10-02 23:43:34,0001628280-26-064725,0001877256,4 - Prager Lisa A. (0001877256) (Reporting),,,https://www.sec.gov/Archives/edgar/data/1877256/000162828026064725,https://www.sec.gov/Archives/edgar/data/1877256/000162828026064725/0001628280-26-064725-index.htm,False
"4 - Baldwin Insurance Group, Inc. (0001781755) (Issuer)",4,2026-10-02 23:43:03,0000901870-26-000005,0001781755,"4 - Baldwin Insurance Group, Inc. (0001781755) (Issuer)",,,https://www.sec.gov/Archives/edgar/data/1781755/000090187026000005,https://www.sec.gov/Archives/edgar/data/1781755/000090187026000005/0000901870-26-000005-index.htm,False
"4 - Baldwin Insurance Group, Inc. (0001781755) (Issuer)",4,2026-10-02 23:42:22,0001671249-26-000005,0001781755,"4 - Baldwin Insurance Group, Inc. (0001781755) (Issuer)",,,https://www.sec.gov/Archives/edgar/data/1781755/000167124926000005,https://www.sec.gov/Archives/edgar/data/1781755/000167124926000005/0001671249-26-000005-index.htm,False
4 - Xiao Jinsong (0002086234) (Reporting),4,2026-10-02 23:42:07,0000950103-26-015166,0002086234,4 - Xiao Jinsong (0002086234) (Reporting),,,https://www.sec.gov/Archives/edgar/data/2086234/000095010326015166,https://www.sec.gov/Archives/edgar/data/2086234/000095010326015166/0000950103-26-015166-index.htm,False
4 - Altschuler Randolph (0001869814) (Reporting),4,2026-10-02 23:38:41,0001869814-26-000009,0001869814,4 - Altschuler Randolph (0001869814) (Reporting),,,https://www.sec.gov/Archives/edgar/data/1869814/000186981426000009,https://www.sec.gov/Archives/edgar/data/1869814/000186981426000009/0001869814-26-000009-index.htm,False
4 - Daunt John (0001774667) (Reporting),4,2026-10-02 23:38:05,0001774667-26-000031,0001774667,4 - Daunt John (0001774667) (Reporting),,,https://www.sec.gov/Archives/edgar/data/1774667/000177466726000031,https://www.sec.gov/Archives/edgar/data/1774667/000177466726000031/0001774667-26-000031-index.htm,False
4 - Sahni Sanjeev Singh (0002051034) (Reporting),4,2026-10-02 23:37:25,0002051034-26-000009,0002051034,4 - Sahni Sanjeev Singh (0002051034) (Reporting),,,https://www.sec.gov/Archives/edgar/data/2051034/000205103426000009,https://www.sec.gov/Archives/edgar/data/2051034/000205103426000009/0002051034-26-000009-index.htm,False
4 - Sohn Adam Craig (0002113700) (Reporting),4,2026-10-02 23:34:55,0001185185-26-004557,0002113700,4 - Sohn Adam Craig (0002113700) (Reporting),,,https://www.sec.gov/Archives/edgar/data/2113700/000118518526004557,https://www.sec.gov/Archives/edgar/data/2113700/000118518526004557/0001185185-26-004557-index.htm,False
4 - Raghavan Vaidyanathan (0002056024) (Reporting),4,2026-10-02 23:33:40,0002056024-26-000007,0002056024,4 - Raghavan Vaidyanathan (0002056024) (Reporting),,,https://www.sec.gov/Archives/edgar/data/2056024/000205602426000007,https://www.sec.gov/Archives/edgar/data/2056024/000205602426000007/0002056024-26-000007-index.htm,False
4 - Carter Walter E. (0001877260) (Reporting),4,2026-10-02 23:33:37,0001628280-26-064724,0001877260,4 - Carter Walter E. (0001877260) (Reporting),,,https://www.sec.gov/Archives/edgar/data/1877260/000162828026064724,https://www.sec.gov/Archives/edgar/data/1877260/000162828026064724/0001628280-26-064724-index.htm,False
4 - CODE KENNETH REAY (0001370684) (Reporting),4,2026-10-02 23:32:50,0001437749-26-031944,0001370684,4 - CODE KENNETH REAY (0001370684) (Reporting),,,https://www.sec.gov/Archives/edgar/data/1370684/000143774926031944,https://www.sec.gov/Archives/edgar/data/1370684/000143774926031944/0001437749-26-031944-index.htm,False
4 - Fuerst Bryan Eric (0002111012) (Reporting),4,2026-10-02 23:30:51,0001185185-26-004555,0002111012,4 - Fuerst Bryan Eric (0002111012) (Reporting),,,https://www.sec.gov/Archives/edgar/data/2111012/000118518526004555,https://www.sec.gov/Archives/edgar/data/2111012/000118518526004555/0001185185-26-004555-index.htm,False
4 - CALVERT DENNIS P (0001228572) (Reporting),4,2026-10-02 23:30:14,0001437749-26-031943,0001228572,4 - CALVERT DENNIS P (0001228572) (Reporting),,,https://www.sec.gov/Archives/edgar/data/1228572/000143774926031943,https://www.sec.gov/Archives/edgar/data/1228572/000143774926031943/0001437749-26-031943-index.htm,False
4 - Cooper Kenneth Lyle (0002111618) (Reporting),4,2026-10-02 23:29:09,0001185185-26-004553,0002111618,4 - Cooper Kenneth Lyle (0002111618) (Reporting),,,https://www.sec.gov/Archives/edgar/data/2111618/000118518526004553,https://www.sec.gov/Archives/edgar/data/2111618/000118518526004553/0001185185-26-004553-index.htm,False
4 - Durbin Steven Douglas Jr (0002111285) (Reporting),4,2026-10-02 23:25:24,0000912282-26-001346,0002111285,4 - Durbin Steven Douglas Jr (0002111285) (Reporting),,,https://www.sec.gov/Archives/edgar/data/2111285/000091228226001346,https://www.sec.gov/Archives/edgar/data/2111285/000091228226001346/0000912282-26-001346-index.htm,False
4 - McMullin David Daisel (0002111758) (Reporting),4,2026-10-02 23:24:04,0000912282-26-001344,0002111758,4 - McMullin David Daisel (0002111758) (Reporting),,,https://www.sec.gov/Archives/edgar/data/2111758/000091228226001344,https://www.sec.gov/Archives/edgar/data/2111758/000091228226001344/0000912282-26-001344-index.htm,False
4 - Bucella Michael C. (0001915351) (Reporting),4,2026-10-02 23:22:29,0001628280-26-064717,0001915351,4 - Bucella Michael C. (0001915351) (Reporting),,,https://www.sec.gov/Archives/edgar/data/1915351/000162828026064717,https://www.sec.gov/Archives/edgar/data/1915351/000162828026064717/0001628280-26-064717-index.htm,False
4 - Sinanyan Tigran (0001830003) (Reporting),4,2026-10-02 23:21:39,0001818383-26-000247,0001830003,4 - Sinanyan Tigran (0001830003) (Reporting),,,https://www.sec.gov/Archives/edgar/data/1830003/000181838326000247,https://www.sec.gov/Archives/edgar/data/1830003/000181838326000247/0001818383-26-000247-index.htm,False
4 - Frommer Richard N. (0002047025) (Reporting),4,2026-10-02 23:20:11,0001140361-26-038462,0002047025,4 - Frommer Richard N. (0002047025) (Reporting),,,https://www.sec.gov/Archives/edgar/data/2047025/000114036126038462,https://www.sec.gov/Archives/edgar/data/2047025/000114036126038462/0001140361-26-038462-index.htm,False
4 - CRONIN JANE M. (0001688222) (Reporting),4,2026-10-02 23:17:56,0000764065-26-000109,0001688222,4 - CRONIN JANE M. (0001688222) (Reporting),,,https://www.sec.gov/Archives/edgar/data/1688222/000076406526000109,https://www.sec.gov/Archives/edgar/data/1688222/000076406526000109/0000764065-26-000109-index.htm,False
4 - Bloom Ron A. (0001737668) (Reporting),4,2026-10-02 23:17:50,0000764065-26-000108,0001737668,4 - Bloom Ron A. (0001737668) (Reporting),,,https://www.sec.gov/Archives/edgar/data/1737668/000076406526000108,https://www.sec.gov/Archives/edgar/data/1737668/000076406526000108/0000764065-26-000108-index.htm,False
4 - Harris Jeffery Keeslar (0002143921) (Reporting),4,2026-10-02 23:15:20,0001185185-26-004550,0002143921,4 - Harris Jeffery Keeslar (0002143921) (Reporting),,,https://www.sec.gov/Archives/edgar/data/2143921/000118518526004550,https://www.sec.gov/Archives/edgar/data/2143921/000118518526004550/0001185185-26-004550-index.htm,False
4 - Freeman Bryan (0001780192) (Reporting),4,2026-10-02 23:15:14,0001140361-26-038460,0001780192,4 - Freeman Bryan (0001780192) (Reporting),,,https://www.sec.gov/Archives/edgar/data/1780192/000114036126038460,https://www.sec.gov/Archives/edgar/data/1780192/000114036126038460/0001140361-26-038460-index.htm,False
4 - Tomolonius Sarah (0001685481) (Reporting),4,2026-10-02 23:14:50,0001193805-26-001331,0001685481,4 - Tomolonius Sarah (0001685481) (Reporting),,,https://www.sec.gov/Archives/edgar/data/1685481/000119380526001331,https://www.sec.gov/Archives/edgar/data/1685481/000119380526001331/0001193805-26-001331-index.htm,False
4 - Nolan Stephen A (0001578531) (Reporting),4,2026-10-02 23:14:22,0001193805-26-001330,0001578531,4 - Nolan Stephen A (0001578531) (Reporting),,,https://www.sec.gov/Archives/edgar/data/1578531/000119380526001330,https://www.sec.gov/Archives/edgar/data/1578531/000119380526001330/0001193805-26-001330-index.htm,False
4 - Lipstein Robert J (0001701946) (Reporting),4,2026-10-02 23:13:57,0001193805-26-001329,0001701946,4 - Lipstein Robert J (0001701946) (Reporting),,,https://www.sec.gov/Archives/edgar/data/1701946/000119380526001329,https://www.sec.gov/Archives/edgar/data/1701946/000119380526001329/0001193805-26-001329-index.htm,False
4 - Hampstead Park Environmental Services Investment Fund LLC (0001773840) (Reporting),4,2026-10-02 23:13:21,0001193805-26-001328,0001773840,4 - Hampstead Park Environmental Services Investment Fund LLC (0001773840) (Reporting),,,https://www.sec.gov/Archives/edgar/data/1773840/000119380526001328,https://www.sec.gov/Archives/edgar/data/1773840/000119380526001328/0001193805-26-001328-index.htm,False
4 - Clipper Realty Inc. (0001649096) (Issuer),4,2026-10-02 23:12:58,0001437749-26-031939,0001649096,4 - Clipper Realty Inc. (0001649096) (Issuer),,,https://www.sec.gov/Archives/edgar/data/1649096/000143774926031939,https://www.sec.gov/Archives/edgar/data/1649096/000143774926031939/0001437749-26-031939-index.htm,False
4 - Dunning Audrey (0001800836) (Reporting),4,2026-10-02 23:12:52,0001193805-26-001327,0001800836,4 - Dunning Audrey (0001800836) (Reporting),,,https://www.sec.gov/Archives/edgar/data/1800836/000119380526001327,https://www.sec.gov/Archives/edgar/data/1800836/000119380526001327/0001193805-26-001327-index.htm,False
4 - Culpepper Glenn (0001566800) (Reporting),4,2026-10-02 23:12:14,0001193805-26-001326,0001566800,4 - Culpepper Glenn (0001566800) (Reporting),,,https://www.sec.gov/Archives/edgar/data/1566800/000119380526001326,https://www.sec.gov/Archives/edgar/data/1566800/000119380526001326/0001193805-26-001326-index.htm,False
4 - Vertical Data Inc. (0002033264) (Issuer),4,2026-10-02 23:12:09,0001705978-26-000004,0002033264,4 - Vertical Data Inc. (0002033264) (Issuer),,,https://www.sec.gov/Archives/edgar/data/2033264/000170597826000004,https://www.sec.gov/Archives/edgar/data/2033264/000170597826000004/0001705978-26-000004-index.htm,False
4 - Sweeney Daniel T. (0001985552) (Reporting),4,2026-10-02 23:10:07,0001140361-26-038458,0001985552,4 - Sweeney Daniel T. (0001985552) (Reporting),,,https://www.sec.gov/Archives/edgar/data/1985552/000114036126038458,https://www.sec.gov/Archives/edgar/data/1985552/000114036126038458/0001140361-26-038458-index.htm,False
4 - Huckelbridge Brett (0001742329) (Reporting),4,2026-10-02 23:09:47,0001628280-26-064711,0001742329,4 - Huckelbridge Brett (0001742329) (Reporting),,,https://www.sec.gov/Archives/edgar/data/1742329/000162828026064711,https://www.sec.gov/Archives/edgar/data/1742329/000162828026064711/0001628280-26-064711-index.htm,False
4 - Cohn Andrew M. (0001696663) (Reporting),4,2026-10-02 23:09:39,0001628280-26-064710,0001696663,4 - Cohn Andrew M. (0001696663) (Reporting),,,https://www.sec.gov/Archives/edgar/data/1696663/000162828026064710,https://www.sec.gov/Archives/edgar/data/1696663/000162828026064710/0001628280-26-064710-index.htm,False
4 - Alexander Richard M (0001672990) (Reporting),4,2026-10-02 23:09:32,0001628280-26-064709,0001672990,4 - Alexander Richard M (0001672990) (Reporting),,,https://www.sec.gov/Archives/edgar/data/1672990/000162828026064709,https://www.sec.gov/Archives/edgar/data/1672990/000162828026064709/0001628280-26-064709-index.htm,False
4 - Lenderking John Carroll (0001802075) (Reporting),4,2026-10-02 23:09:24,0001628280-26-064708,0001802075,4 - Lenderking John Carroll (0001802075) (Reporting),,,https://www.sec.gov/Archives/edgar/data/1802075/000162828026064708,https://www.sec.gov/Archives/edgar/data/1802075/000162828026064708/0001628280-26-064708-index.htm,False
4 - Rousseau David (0001769282) (Reporting),4,2026-10-02 23:09:16,0001628280-26-064707,0001769282,4 - Rousseau David (0001769282) (Reporting),,,https://www.sec.gov/Archives/edgar/data/1769282/000162828026064707,https://www.sec.gov/Archives/edgar/data/1769282/000162828026064707/0001628280-26-064707-index.htm,False
4 - Liebman Michael J (0001673041) (Reporting),4,2026-10-02 23:09:09,0001628280-26-064706,0001673041,4 - Liebman Michael J (0001673041) (Reporting),,,https://www.sec.gov/Archives/edgar/data/1673041/000162828026064706,https://www.sec.gov/Archives/edgar/data/1673041/000162828026064706/0001628280-26-064706-index.htm,False
4 - Fleming Ronnie L (0001673005) (Reporting),4,2026-10-02 23:09:00,0001628280-26-064705,0001673005,4 - Fleming Ronnie L (0001673005) (Reporting),,,https://www.sec.gov/Archives/edgar/data/1673005/000162828026064705,https://www.sec.gov/Archives/edgar/data/1673005/000162828026064705/0001628280-26-064705-index.htm,False
4 - Krygier Christopher D (0001814062) (Reporting),4,2026-10-02 23:08:51,0001628280-26-064704,0001814062,4 - Krygier Christopher D (0001814062) (Reporting),,,https://www.sec.gov/Archives/edgar/data/1814062/000162828026064704,https://www.sec.gov/Archives/edgar/data/1814062/000162828026064704/0001628280-26-064704-index.htm,False
4 - Corwin Jonathan C. (0001709483) (Reporting),4,2026-10-02 23:08:43,0001628280-26-064703,0001709483,4 - Corwin Jonathan C. (0001709483) (Reporting),,,https://www.sec.gov/Archives/edgar/data/1709483/000162828026064703,https://www.sec.gov/Archives/edgar/data/1709483/000162828026064703/0001628280-26-064703-index.htm,False
4 - Wang Anquan (0002061858) (Reporting),4,2026-10-02 23:07:19,0002061858-26-000007,0002061858,4 - Wang Anquan (0002061858) (Reporting),,,https://www.sec.gov/Archives/edgar/data/2061858/000206185826000007,https://www.sec.gov/Archives/edgar/data/2061858/000206185826000007/0002061858-26-000007-index.htm,False
4 - Cogley Brian (0002008384) (Reporting),4,2026-10-02 23:06:02,0001185185-26-004547,0002008384,4 - Cogley Brian (0002008384) (Reporting),,,https://www.sec.gov/Archives/edgar/data/2008384/000118518526004547,https://www.sec.gov/Archives/edgar/data/2008384/000118518526004547/0001185185-26-004547-index.htm,False
4 - PETHERBRIDGE LUKE J (0001635270) (Reporting),4,2026-10-02 23:04:28,0001635270-26-000012,0001635270,4 - PETHERBRIDGE LUKE J (0001635270) (Reporting),,,https://www.sec.gov/Archives/edgar/data/1635270/000163527026000012,https://www.sec.gov/Archives/edgar/data/1635270/000163527026000012/0001635270-26-000012-index.htm,False
4 - Schellenberg David (0001977201) (Reporting),4,2026-10-02 23:03:30,0001683168-26-007597,0001977201,4 - Schellenberg David (0001977201) (Reporting),,,https://www.sec.gov/Archives/edgar/data/1977201/000168316826007597,https://www.sec.gov/Archives/edgar/data/1977201/000168316826007597/0001683168-26-007597-index.htm,False
"4 - Bridger Aerospace Group Holdings, Inc. (0001941536) (Issuer)",4,2026-10-02 23:03:03,0001683168-26-007596,0001941536,"4 - Bridger Aerospace Group Holdings, Inc. (0001941536) (Issuer)",,,https://www.sec.gov/Archives/edgar/data/1941536/000168316826007596,https://www.sec.gov/Archives/edgar/data/1941536/000168316826007596/0001683168-26-007596-index.htm,False
4 - Pasricha Meghan (0002065652) (Reporting),4,2026-10-02 23:02:36,0001683168-26-007595,0002065652,4 - Pasricha Meghan (0002065652) (Reporting),,,https://www.sec.gov/Archives/edgar/data/2065652/000168316826007595,https://www.sec.gov/Archives/edgar/data/2065652/000168316826007595/0001683168-26-007595-index.htm,False
4 - Heller Dean (0001954870) (Reporting),4,2026-10-02 23:01:30,0001683168-26-007594,0001954870,4 - Heller Dean (0001954870) (Reporting),,,https://www.sec.gov/Archives/edgar/data/1954870/000168316826007594,https://www.sec.gov/Archives/edgar/data/1954870/000168316826007594/0001683168-26-007594-index.htm,False
4 - Basenese Lou (0001809482) (Reporting),4,2026-10-02 23:01:16,0001104659-26-113417,0001809482,4 - Basenese Lou (0001809482) (Reporting),,,https://www.sec.gov/Archives/edgar/data/1809482/000110465926113417,https://www.sec.gov/Archives/edgar/data/1809482/000110465926113417/0001104659-26-113417-index.htm,False
4 - DraftKings Inc. (0001883685) (Issuer),4,2026-10-02 23:01:09,0001104659-26-113416,0001883685,4 - DraftKings Inc. (0001883685) (Issuer),,,https://www.sec.gov/Archives/edgar/data/1883685/000110465926113416,https://www.sec.gov/Archives/edgar/data/1883685/000110465926113416/0001104659-26-113416-index.htm,False
"4 - Bridger Aerospace Group Holdings, Inc. (0001941536) (Issuer)",4,2026-10-02 23:01:05,0001683168-26-007593,0001941536,"4 - Bridger Aerospace Group Holdings, Inc. (0001941536) (Issuer)",,,https://www.sec.gov/Archives/edgar/data/1941536/000168316826007593,https://www.sec.gov/Archives/edgar/data/1941536/000168316826007593/0001683168-26-007593-index.htm,False
4 - Silva Gil Todd (0002028266) (Reporting),4,2026-10-02 23:00:54,0001104659-26-113415,0002028266,4 - Silva Gil Todd (0002028266) (Reporting),,,https://www.sec.gov/Archives/edgar/data/2028266/000110465926113415,https://www.sec.gov/Archives/edgar/data/2028266/000110465926113415/0001104659-26-113415-index.htm,False
"4 - Bridger Aerospace Group Holdings, Inc. (0001941536) (Issuer)",4,2026-10-02 23:00:45,0001683168-26-007592,0001941536,"4 - Bridger Aerospace Group Holdings, Inc. (0001941536) (Issuer)",,,https://www.sec.gov/Archives/edgar/data/1941536/000168316826007592,https://www.sec.gov/Archives/edgar/data/1941536/000168316826007592/0001683168-26-007592-index.htm,False
4 - Saddler Larry Michael (0002147866) (Reporting),4,2026-10-02 23:00:33,0001104659-26-113413,0002147866,4 - Saddler Larry Michael (0002147866) (Reporting),,,https://www.sec.gov/Archives/edgar/data/2147866/000110465926113413,https://www.sec.gov/Archives/edgar/data/2147866/000110465926113413/0001104659-26-113413-index.htm,False
4 - Chen Michael (0001966016) (Reporting),4,2026-10-02 23:00:17,0001474627-26-000062,0001966016,4 - Chen Michael (0001966016) (Reporting),,,https://www.sec.gov/Archives/edgar/data/1966016/000147462726000062,https://www.sec.gov/Archives/edgar/data/1966016/000147462726000062/0001474627-26-000062-index.htm,False
4 - Drohan Dan (0002033000) (Reporting),4,2026-10-02 23:00:15,0001683168-26-007591,0002033000,4 - Drohan Dan (0002033000) (Reporting),,,https://www.sec.gov/Archives/edgar/data/2033000/000168316826007591,https://www.sec.gov/Archives/edgar/data/2033000/000168316826007591/0001683168-26-007591-index.htm,False
4 - ClearSign Technologies Corp (0001434524) (Issuer),4,2026-10-02 23:00:09,0001104659-26-113412,0001434524,4 - ClearSign Technologies Corp (0001434524) (Issuer),,,https://www.sec.gov/Archives/edgar/data/1434524/000110465926113412,https://www.sec.gov/Archives/edgar/data/1434524/000110465926113412/0001104659-26-113412-index.htm,False
4 - Elder Scot Michael (0001916619) (Reporting),4,2026-10-02 23:00:04,0001193125-26-412727,0001916619,4 - Elder Scot Michael (0001916619) (Reporting),,,https://www.sec.gov/Archives/edgar/data/1916619/000119312526412727,https://www.sec.gov/Archives/edgar/data/1916619/000119312526412727/0001193125-26-412727-index.htm,False
4 - Nowaid Zabi (0001837940) (Reporting),4,2026-10-02 23:00:03,0001493152-26-045636,0001837940,4 - Nowaid Zabi (0001837940) (Reporting),,,https://www.sec.gov/Archives/edgar/data/1837940/000149315226045636,https://www.sec.gov/Archives/edgar/data/1837940/000149315226045636/0001493152-26-045636-index.htm,False
4 - Thiel Frederick G (0001567383) (Reporting),4,2026-10-02 23:00:01,0001493152-26-045635,0001567383,4 - Thiel Frederick G (0001567383) (Reporting),,,https://www.sec.gov/Archives/edgar/data/1567383/000149315226045635,https://www.sec.gov/Archives/edgar/data/1567383/000149315226045635/0001493152-26-045635-index.htm,False
4 - Khan Salman Hassan (0001907413) (Reporting),4,2026-10-02 23:00:00,0001493152-26-045634,0001907413,4 - Khan Salman Hassan (0001907413) (Reporting),,,https://www.sec.gov/Archives/edgar/data/1907413/000149315226045634,https://www.sec.gov/Archives/edgar/data/1907413/000149315226045634/0001493152-26-045634-index.htm,False
4 - Mitra Shankh (0001698445) (Reporting),4,2026-10-02 22:56:34,0001698445-26-000013,0001698445,4 - Mitra Shankh (0001698445) (Reporting),,,https://www.sec.gov/Archives/edgar/data/1698445/000169844526000013,https://www.sec.gov/Archives/edgar/data/1698445/000169844526000013/0001698445-26-000013-index.htm,False
4 - Fritz Gary M (0001460260) (Reporting),4,2026-10-02 22:55:38,0000789570-26-000081,0001460260,4 - Fritz Gary M (0001460260) (Reporting),,,https://www.sec.gov/Archives/edgar/data/1460260/000078957026000081,https://www.sec.gov/Archives/edgar/data/1460260/000078957026000081/0000789570-26-000081-index.htm,False
4 - SALEM PAUL J (0001084356) (Reporting),4,2026-10-02 22:52:11,0000789570-26-000080,0001084356,4 - SALEM PAUL J (0001084356) (Reporting),,,https://www.sec.gov/Archives/edgar/data/1084356/000078957026000080,https://www.sec.gov/Archives/edgar/data/1084356/000078957026000080/0000789570-26-000080-index.htm,False
4 - Ahearn Michael J (0001381112) (Reporting),4,2026-10-02 22:50:29,0001274494-26-000205,0001381112,4 - Ahearn Michael J (0001381112) (Reporting),,,https://www.sec.gov/Archives/edgar/data/1381112/000127449426000205,https://www.sec.gov/Archives/edgar/data/1381112/000127449426000205/0001274494-26-000205-index.htm,False
4 - Austen William F. (0001289138) (Reporting),4,2026-10-02 22:49:58,0000007536-26-000146,0001289138,4 - Austen William F. (0001289138) (Reporting),,,https://www.sec.gov/Archives/edgar/data/1289138/000000753626000146,https://www.sec.gov/Archives/edgar/data/1289138/000000753626000146/0000007536-26-000146-index.htm,False
4/A - Z Squared Inc. (0001759186) (Issuer),4/A,2026-10-02 22:49:23,0001185185-26-004545,0001759186,4/A - Z Squared Inc. (0001759186) (Issuer),,,https://www.sec.gov/Archives/edgar/data/1759186/000118518526004545,https://www.sec.gov/Archives/edgar/data/1759186/000118518526004545/0001185185-26-004545-index.htm,True
4 - Meister Keith A. (0001307631) (Reporting),4,2026-10-02 22:49:21,0000789570-26-000079,0001307631,4 - Meister Keith A. (0001307631) (Reporting),,,https://www.sec.gov/Archives/edgar/data/1307631/000078957026000079,https://www.sec.gov/Archives/edgar/data/1307631/000078957026000079/0000789570-26-000079-index.htm,False
"4 - eHealth, Inc. (0001333493) (Issuer)",4,2026-10-02 22:49:18,0001233184-26-000019,0001333493,"4 - eHealth, Inc. (0001333493) (Issuer)",,,https://www.sec.gov/Archives/edgar/data/1333493/000123318426000019,https://www.sec.gov/Archives/edgar/data/1333493/000123318426000019/0001233184-26-000019-index.htm,False
4 - OREGON COMMUNITY FOUNDATION (0001787245) (Reporting),4,2026-10-02 22:49:08,0001217160-26-000075,0001787245,4 - OREGON COMMUNITY FOUNDATION (0001787245) (Reporting),,,https://www.sec.gov/Archives/edgar/data/1787245/000121716026000075,https://www.sec.gov/Archives/edgar/data/1787245/000121716026000075/0001217160-26-000075-index.htm,False
4 - Liu Teyin M (0002058769) (Reporting),4,2026-10-02 22:49:06,0002058769-26-000005,0002058769,4 - Liu Teyin M (0002058769) (Reporting),,,https://www.sec.gov/Archives/edgar/data/2058769/000205876926000005,https://www.sec.gov/Archives/edgar/data/2058769/000205876926000005/0002058769-26-000005-index.htm,False
4 - Bjorlin Alexis (0001798757) (Reporting),4,2026-10-02 22:48:48,0001798757-26-000008,0001798757,4 - Bjorlin Alexis (0001798757) (Reporting),,,https://www.sec.gov/Archives/edgar/data/1798757/000179875726000008,https://www.sec.gov/Archives/edgar/data/1798757/000179875726000008/0001798757-26-000008-index.htm,False
"4 - FIRST SOLAR, INC. (0001274494) (Issuer)",4,2026-10-02 22:47:31,0001274494-26-000203,0001274494,"4 - FIRST SOLAR, INC. (0001274494) (Issuer)",,,https://www.sec.gov/Archives/edgar/data/1274494/000127449426000203,https://www.sec.gov/Archives/edgar/data/1274494/000127449426000203/0001274494-26-000203-index.htm,False
4 - Segal Francis David (0002066872) (Reporting),4,2026-10-02 22:47:00,0002066872-26-000008,0002066872,4 - Segal Francis David (0002066872) (Reporting),,,https://www.sec.gov/Archives/edgar/data/2066872/000206687226000008,https://www.sec.gov/Archives/edgar/data/2066872/000206687226000008/0002066872-26-000008-index.htm,False
4 - SWAN ROBERT HOLMES (0001218363) (Reporting),4,2026-10-02 22:46:38,0001218363-26-000004,0001218363,4 - SWAN ROBERT HOLMES (0001218363) (Reporting),,,https://www.sec.gov/Archives/edgar/data/1218363/000121836326000004,https://www.sec.gov/Archives/edgar/data/1218363/000121836326000004/0001218363-26-000004-index.htm,False
4 - Ingevity Corp (0001653477) (Issuer),4,2026-10-02 22:45:57,0001575329-26-000011,0001653477,4 - Ingevity Corp (0001653477) (Issuer),,,https://www.sec.gov/Archives/edgar/data/1653477/000157532926000011,https://www.sec.gov/Archives/edgar/data/1653477/000157532926000011/0001575329-26-000011-index.htm,False
4 - Public Storage (0001393311) (Issuer),4,2026-10-02 22:45:18,0001236458-26-000012,0001393311,4 - Public Storage (0001393311) (Issuer),,,https://www.sec.gov/Archives/edgar/data/1393311/000123645826000012,https://www.sec.gov/Archives/edgar/data/1393311/000123645826000012/0001236458-26-000012-index.htm,False
4 - O'DONNELL SHANNON (0001393391) (Reporting),4,2026-10-02 22:44:42,0001437749-26-031937,0001393391,4 - O'DONNELL SHANNON (0001393391) (Reporting),,,https://www.sec.gov/Archives/edgar/data/1393391/000143774926031937,https://www.sec.gov/Archives/edgar/data/1393391/000143774926031937/0001437749-26-031937-index.htm,False
4 - HOUSEL DAVID E (0001195632) (Reporting),4,2026-10-02 22:44:13,0001437749-26-031936,0001195632,4 - HOUSEL DAVID E (0001195632) (Reporting),,,https://www.sec.gov/Archives/edgar/data/1195632/000143774926031936,https://www.sec.gov/Archives/edgar/data/1195632/000143774926031936/0001437749-26-031936-index.htm,False
4 - Skates Spenser (0001882913) (Reporting),4,2026-10-02 22:44:05,0001610717-26-000424,0001882913,4 - Skates Spenser (0001882913) (Reporting),,,https://www.sec.gov/Archives/edgar/data/1882913/000161071726000424,https://www.sec.gov/Archives/edgar/data/1882913/000161071726000424/0001610717-26-000424-index.htm,False
4 - Barrett J Tutt (0001457242) (Reporting),4,2026-10-02 22:43:47,0001437749-26-031935,0001457242,4 - Barrett J Tutt (0001457242) (Reporting),,,https://www.sec.gov/Archives/edgar/data/1457242/000143774926031935,https://www.sec.gov/Archives/edgar/data/1457242/000143774926031935/0001437749-26-031935-index.htm,False
4 - Grech Patricia Y (0002081650) (Reporting),4,2026-10-02 22:43:19,0000804328-26-000099,0002081650,4 - Grech Patricia Y (0002081650) (Reporting),,,https://www.sec.gov/Archives/edgar/data/2081650/000080432826000099,https://www.sec.gov/Archives/edgar/data/2081650/000080432826000099/0000804328-26-000099-index.htm,False
4 - HAM WILLIAM F JR (0001195633) (Reporting),4,2026-10-02 22:43:18,0001437749-26-031934,0001195633,4 - HAM WILLIAM F JR (0001195633) (Reporting),,,https://www.sec.gov/Archives/edgar/data/1195633/000143774926031934,https://www.sec.gov/Archives/edgar/data/1195633/000143774926031934/0001437749-26-031934-index.htm,False
4 - Patterson Kyra (0002085542) (Reporting),4,2026-10-02 22:43:12,0001733998-26-000147,0002085542,4 - Patterson Kyra (0002085542) (Reporting),,,https://www.sec.gov/Archives/edgar/data/2085542/000173399826000147,https://www.sec.gov/Archives/edgar/data/2085542/000173399826000147/0001733998-26-000147-index.htm,False
"4 - MARITAL TRUST UNDER DOLBY FAMILY TRUST DATED MAY 7, 1999 (0001598817) (Reporting)",4,2026-10-02 22:42:54,0001193125-26-412706,0001598817,"4 - MARITAL TRUST UNDER DOLBY FAMILY TRUST DATED MAY 7, 1999 (0001598817) (Reporting)",,,https://www.sec.gov/Archives/edgar/data/1598817/000119312526412706,https://www.sec.gov/Archives/edgar/data/1598817/000119312526412706/0001193125-26-412706-index.htm,False
4 - LEVIN JOSEPH (0001442083) (Reporting),4,2026-10-02 22:42:18,0000789570-26-000078,0001442083,4 - LEVIN JOSEPH (0001442083) (Reporting),,,https://www.sec.gov/Archives/edgar/data/1442083/000078957026000078,https://www.sec.gov/Archives/edgar/data/1442083/000078957026000078/0000789570-26-000078-index.htm,False
4 - Public Storage (0001393311) (Issuer),4,2026-10-02 22:41:34,0000916867-26-000012,0001393311,4 - Public Storage (0001393311) (Issuer),,,https://www.sec.gov/Archives/edgar/data/1393311/000091686726000012,https://www.sec.gov/Archives/edgar/data/1393311/000091686726000012/0000916867-26-000012-index.htm,False
"4 - FIRST SOLAR, INC. (0001274494) (Issuer)",4,2026-10-02 22:40:49,0001274494-26-000200,0001274494,"4 - FIRST SOLAR, INC. (0001274494) (Issuer)",,,https://www.sec.gov/Archives/edgar/data/1274494/000127449426000200,https://www.sec.gov/Archives/edgar/data/1274494/000127449426000200/0001274494-26-000200-index.htm,False
4 - Page Tyler (0001887623) (Reporting),4,2026-10-02 22:39:00,0001887623-26-000019,0001887623,4 - Page Tyler (0001887623) (Reporting),,,https://www.sec.gov/Archives/edgar/data/1887623/000188762326000019,https://www.sec.gov/Archives/edgar/data/1887623/000188762326000019/0001887623-26-000019-index.htm,False
4 - Kelly Patrick Arthur (0001887616) (Reporting),4,2026-10-02 22:38:11,0001887616-26-000022,0001887616,4 - Kelly Patrick Arthur (0001887616) (Reporting),,,https://www.sec.gov/Archives/edgar/data/1887616/000188761626000022,https://www.sec.gov/Archives/edgar/data/1887616/000188761626000022/0001887616-26-000022-index.htm,False
4 - Iwaschuk William (0001887627) (Reporting),4,2026-10-02 22:36:26,0001887627-26-000010,0001887627,4 - Iwaschuk William (0001887627) (Reporting),,,https://www.sec.gov/Archives/edgar/data/1887627/000188762726000010,https://www.sec.gov/Archives/edgar/data/1887627/000188762726000010/0001887627-26-000010-index.htm,False
4 - Marshall Dennis E (0001361115) (Reporting),4,2026-10-02 22:36:09,0001437749-26-031933,0001361115,4 - Marshall Dennis E (0001361115) (Reporting),,,https://www.sec.gov/Archives/edgar/data/1361115/000143774926031933,https://www.sec.gov/Archives/edgar/data/1361115/000143774926031933/0001437749-26-031933-index.htm,False
4 - Sweeney Michael T (0001381047) (Reporting),4,2026-10-02 22:35:56,0001274494-26-000198,0001381047,4 - Sweeney Michael T (0001381047) (Reporting),,,https://www.sec.gov/Archives/edgar/data/1381047/000127449426000198,https://www.sec.gov/Archives/edgar/data/1381047/000127449426000198/0001274494-26-000198-index.htm,False
4 - Mumford Gregory J.D. (0002090886) (Reporting),4,2026-10-02 22:35:20,0002090886-26-000008,0002090886,4 - Mumford Gregory J.D. (0002090886) (Reporting),,,https://www.sec.gov/Archives/edgar/data/2090886/000209088626000008,https://www.sec.gov/Archives/edgar/data/2090886/000209088626000008/0002090886-26-000008-index.htm,False
4 - Kurtz George (0001778564) (Reporting),4,2026-10-02 22:35:09,0000950103-26-015151,0001778564,4 - Kurtz George (0001778564) (Reporting),,,https://www.sec.gov/Archives/edgar/data/1778564/000095010326015151,https://www.sec.gov/Archives/edgar/data/1778564/000095010326015151/0000950103-26-015151-index.htm,False
4 - Skinner Todd C. (0001879101) (Reporting),4,2026-10-02 22:34:17,0001879101-26-000028,0001879101,4 - Skinner Todd C. (0001879101) (Reporting),,,https://www.sec.gov/Archives/edgar/data/1879101/000187910126000028,https://www.sec.gov/Archives/edgar/data/1879101/000187910126000028/0001879101-26-000028-index.htm,False
"4 - BlackRock, Inc. (0002012383) (Issuer)",4,2026-10-02 22:34:08,0002012383-26-003310,0002012383,"4 - BlackRock, Inc. (0002012383) (Issuer)",,,https://www.sec.gov/Archives/edgar/data/2012383/000201238326003310,https://www.sec.gov/Archives/edgar/data/2012383/000201238326003310/0002012383-26-003310-index.htm,False
4 - Abdelsadek Mohamed (0002058648) (Reporting),4,2026-10-02 22:33:23,0002058648-26-000012,0002058648,4 - Abdelsadek Mohamed (0002058648) (Reporting),,,https://www.sec.gov/Archives/edgar/data/2058648/000205864826000012,https://www.sec.gov/Archives/edgar/data/2058648/000205864826000012/0002058648-26-000012-index.htm,False
4 - Gipson William P (0001826765) (Reporting),4,2026-10-02 22:29:35,0001826765-26-000008,0001826765,4 - Gipson William P (0001826765) (Reporting),,,https://www.sec.gov/Archives/edgar/data/1826765/000182676526000008,https://www.sec.gov/Archives/edgar/data/1826765/000182676526000008/0001826765-26-000008-index.htm,False
"4 - BlackRock, Inc. (0002012383) (Issuer)",4,2026-10-02 22:28:21,0002012383-26-003309,0002012383,"4 - BlackRock, Inc. (0002012383) (Issuer)",,,https://www.sec.gov/Archives/edgar/data/2012383/000201238326003309,https://www.sec.gov/Archives/edgar/data/2012383/000201238326003309/0002012383-26-003309-index.htm,False
4 - George Anita M. (0001867762) (Reporting),4,2026-10-02 22:27:49,0001274494-26-000196,0001867762,4 - George Anita M. (0001867762) (Reporting),,,https://www.sec.gov/Archives/edgar/data/1867762/000127449426000196,https://www.sec.gov/Archives/edgar/data/1867762/000127449426000196/0001274494-26-000196-index.htm,False
4 - Public Storage (0001393311) (Issuer),4,2026-10-02 22:27:28,0001227384-26-000019,0001393311,4 - Public Storage (0001393311) (Issuer),,,https://www.sec.gov/Archives/edgar/data/1393311/000122738426000019,https://www.sec.gov/Archives/edgar/data/1393311/000122738426000019/0001227384-26-000019-index.htm,False
"4 - C3.ai, Inc. (0001577526) (Issuer)",4,2026-10-02 22:27:04,0001031530-26-000011,0001577526,"4 - C3.ai, Inc. (0001577526) (Issuer)",,,https://www.sec.gov/Archives/edgar/data/1577526/000103153026000011,https://www.sec.gov/Archives/edgar/data/1577526/000103153026000011/0001031530-26-000011-index.htm,False
4 - KRO LISA A (0001458887) (Reporting),4,2026-10-02 22:24:39,0001274494-26-000194,0001458887,4 - KRO LISA A (0001458887) (Reporting),,,https://www.sec.gov/Archives/edgar/data/1458887/000127449426000194,https://www.sec.gov/Archives/edgar/data/1458887/000127449426000194/0001274494-26-000194-index.htm,False
4 - Bernholz Malte H (0002156293) (Reporting),4,2026-10-02 22:23:35,0002156293-26-000005,0002156293,4 - Bernholz Malte H (0002156293) (Reporting),,,https://www.sec.gov/Archives/edgar/data/2156293/000215629326000005,https://www.sec.gov/Archives/edgar/data/2156293/000215629326000005/0002156293-26-000005-index.htm,False
4 - Erickson Gayn (0001364097) (Reporting),4,2026-10-02 22:22:49,0001040470-26-000281,0001364097,4 - Erickson Gayn (0001364097) (Reporting),,,https://www.sec.gov/Archives/edgar/data/1364097/000104047026000281,https://www.sec.gov/Archives/edgar/data/1364097/000104047026000281/0001040470-26-000281-index.htm,False
4 - STROMMEN JACK B. (0001663146) (Reporting),4,2026-10-02 22:22:32,0001437749-26-031931,0001663146,4 - STROMMEN JACK B. (0001663146) (Reporting),,,https://www.sec.gov/Archives/edgar/data/1663146/000143774926031931,https://www.sec.gov/Archives/edgar/data/1663146/000143774926031931/0001437749-26-031931-index.htm,False
4 - Gaffin David Joseph (0001675905) (Reporting),4,2026-10-02 22:22:22,0001520262-26-000127,0001675905,4 - Gaffin David Joseph (0001675905) (Reporting),,,https://www.sec.gov/Archives/edgar/data/1675905/000152026226000127,https://www.sec.gov/Archives/edgar/data/1675905/000152026226000127/0001520262-26-000127-index.htm,False
4 - Wright Norman L. (0001933103) (Reporting),4,2026-10-02 22:22:00,0001274494-26-000192,0001933103,4 - Wright Norman L. (0001933103) (Reporting),,,https://www.sec.gov/Archives/edgar/data/1933103/000127449426000192,https://www.sec.gov/Archives/edgar/data/1933103/000127449426000192/0001274494-26-000192-index.htm,False
4 - Bray Christina Elaine (0001953803) (Reporting),4,2026-10-02 22:21:51,0001437749-26-031930,0001953803,4 - Bray Christina Elaine (0001953803) (Reporting),,,https://www.sec.gov/Archives/edgar/data/1953803/000143774926031930,https://www.sec.gov/Archives/edgar/data/1953803/000143774926031930/0001437749-26-031930-index.htm,False
"4 - GRID DYNAMICS HOLDINGS, INC. (0001743725) (Issuer)",4,2026-10-02 22:21:21,0001628280-26-064690,0001743725,"4 - GRID DYNAMICS HOLDINGS, INC. (0001743725) (Issuer)",,,https://www.sec.gov/Archives/edgar/data/1743725/000162828026064690,https://www.sec.gov/Archives/edgar/data/1743725/000162828026064690/0001628280-26-064690-index.htm,False
4 - Gryzlov Yury (0001805673) (Reporting),4,2026-10-02 22:20:59,0001628280-26-064689,0001805673,4 - Gryzlov Yury (0001805673) (Reporting),,,https://www.sec.gov/Archives/edgar/data/1805673/000162828026064689,https://www.sec.gov/Archives/edgar/data/1805673/000162828026064689/0001628280-26-064689-index.htm,False
"4 - BlackRock, Inc. (0002012383) (Issuer)",4,2026-10-02 22:20:50,0002012383-26-003308,0002012383,"4 - BlackRock, Inc. (0002012383) (Issuer)",,,https://www.sec.gov/Archives/edgar/data/2012383/000201238326003308,https://www.sec.gov/Archives/edgar/data/2012383/000201238326003308/0002012383-26-003308-index.htm,False
4 - Livschitz Leonard (0001805657) (Reporting),4,2026-10-02 22:20:09,0001628280-26-064687,0001805657,4 - Livschitz Leonard (0001805657) (Reporting),,,https://www.sec.gov/Archives/edgar/data/1805657/000162828026064687,https://www.sec.gov/Archives/edgar/data/1805657/000162828026064687/0001628280-26-064687-index.htm,False
4 - RENDUCHINTALA VENKATA S M (0001559658) (Reporting),4,2026-10-02 22:19:07,0001274494-26-000190,0001559658,4 - RENDUCHINTALA VENKATA S M (0001559658) (Reporting),,,https://www.sec.gov/Archives/edgar/data/1559658/000127449426000190,https://www.sec.gov/Archives/edgar/data/1559658/000127449426000190/0001274494-26-000190-index.htm,False
4 - Galloway Elizabeth A (0001748182) (Reporting),4,2026-10-02 22:18:44,0001748182-26-000030,0001748182,4 - Galloway Elizabeth A (0001748182) (Reporting),,,https://www.sec.gov/Archives/edgar/data/1748182/000174818226000030,https://www.sec.gov/Archives/edgar/data/1748182/000174818226000030/0001748182-26-000030-index.htm,False
4 - BOYNTON PAUL G (0001273985) (Reporting),4,2026-10-02 22:18:38,0001273985-26-000018,0001273985,4 - BOYNTON PAUL G (0001273985) (Reporting),,,https://www.sec.gov/Archives/edgar/data/1273985/000127398526000018,https://www.sec.gov/Archives/edgar/data/1273985/000127398526000018/0001273985-26-000018-index.htm,False
4 - Eubanks Richard M. (0001510025) (Reporting),4,2026-10-02 22:18:33,0001510025-26-000036,0001510025,4 - Eubanks Richard M. (0001510025) (Reporting),,,https://www.sec.gov/Archives/edgar/data/1510025/000151002526000036,https://www.sec.gov/Archives/edgar/data/1510025/000151002526000036/0001510025-26-000036-index.htm,False
4 - Cook Kristen Williams (0002079520) (Reporting),4,2026-10-02 22:18:27,0002079520-26-000026,0002079520,4 - Cook Kristen Williams (0002079520) (Reporting),,,https://www.sec.gov/Archives/edgar/data/2079520/000207952026000026,https://www.sec.gov/Archives/edgar/data/2079520/000207952026000026/0002079520-26-000026-index.htm,False
4 - Herling Michael J (0001451824) (Reporting),4,2026-10-02 22:18:22,0001451824-26-000018,0001451824,4 - Herling Michael J (0001451824) (Reporting),,,https://www.sec.gov/Archives/edgar/data/1451824/000145182426000018,https://www.sec.gov/Archives/edgar/data/1451824/000145182426000018/0001451824-26-000018-index.htm,False
4 - Peschard Mijares Guillermo Eduardo (0002046824) (Reporting),4,2026-10-02 22:18:16,0002046824-26-000026,0002046824,4 - Peschard Mijares Guillermo Eduardo (0002046824) (Reporting),,,https://www.sec.gov/Archives/edgar/data/2046824/000204682426000026,https://www.sec.gov/Archives/edgar/data/2046824/000204682426000026/0002046824-26-000026-index.htm,False
4 - McMaken Kurt B (0001455831) (Reporting),4,2026-10-02 22:18:10,0001455831-26-000030,0001455831,4 - McMaken Kurt B (0001455831) (Reporting),,,https://www.sec.gov/Archives/edgar/data/1455831/000145583126000030,https://www.sec.gov/Archives/edgar/data/1455831/000145583126000030/0001455831-26-000030-index.htm,False
4 - Button Adrian (0001729263) (Reporting),4,2026-10-02 22:18:04,0001729263-26-000023,0001729263,4 - Button Adrian (0001729263) (Reporting),,,https://www.sec.gov/Archives/edgar/data/1729263/000172926326000023,https://www.sec.gov/Archives/edgar/data/1729263/000172926326000023/0001729263-26-000023-index.htm,False
4 - Clough Ian D (0001663177) (Reporting),4,2026-10-02 22:17:59,0001663177-26-000010,0001663177,4 - Clough Ian D (0001663177) (Reporting),,,https://www.sec.gov/Archives/edgar/data/1663177/000166317726000010,https://www.sec.gov/Archives/edgar/data/1663177/000166317726000010/0001663177-26-000010-index.htm,False
4 - Dar Zavain (0001852075) (Reporting),4,2026-10-02 22:17:44,0001601830-26-000116,0001852075,4 - Dar Zavain (0001852075) (Reporting),,,https://www.sec.gov/Archives/edgar/data/1852075/000160183026000116,https://www.sec.gov/Archives/edgar/data/1852075/000160183026000116/0001601830-26-000116-index.htm,False
4 - SPORCK ALISTAIR N (0001939261) (Reporting),4,2026-10-02 22:17:39,0001040470-26-000279,0001939261,4 - SPORCK ALISTAIR N (0001939261) (Reporting),,,https://www.sec.gov/Archives/edgar/data/1939261/000104047026000279,https://www.sec.gov/Archives/edgar/data/1939261/000104047026000279/0001040470-26-000279-index.htm,False
4 - Li Dean Y (0001837016) (Reporting),4,2026-10-02 22:17:05,0001601830-26-000115,0001837016,4 - Li Dean Y (0001837016) (Reporting),,,https://www.sec.gov/Archives/edgar/data/1837016/000160183026000115,https://www.sec.gov/Archives/edgar/data/1837016/000160183026000115/0001601830-26-000115-index.htm,False
4 - Bradley Melinda Hodges (0002141919) (Reporting),4,2026-10-02 22:16:25,0001536588-26-000038,0002141919,4 - Bradley Melinda Hodges (0002141919) (Reporting),,,https://www.sec.gov/Archives/edgar/data/2141919/000153658826000038,https://www.sec.gov/Archives/edgar/data/2141919/000153658826000038/0001536588-26-000038-index.htm,False
4 - Chung Bruce (0001940921) (Reporting),4,2026-10-02 22:16:13,0000091419-26-000106,0001940921,4 - Chung Bruce (0001940921) (Reporting),,,https://www.sec.gov/Archives/edgar/data/1940921/000009141926000106,https://www.sec.gov/Archives/edgar/data/1940921/000009141926000106/0000091419-26-000106-index.htm,False
"4 - BlackRock, Inc. (0002012383) (Issuer)",4,2026-10-02 22:15:20,0002012383-26-003307,0002012383,"4 - BlackRock, Inc. (0002012383) (Issuer)",,,https://www.sec.gov/Archives/edgar/data/2012383/000201238326003307,https://www.sec.gov/Archives/edgar/data/2012383/000201238326003307/0002012383-26-003307-index.htm,False
4 - Cittadine Andrew (0001863624) (Reporting),4,2026-10-02 22:15:10,0001437749-26-031927,0001863624,4 - Cittadine Andrew (0001863624) (Reporting),,,https://www.sec.gov/Archives/edgar/data/1863624/000143774926031927,https://www.sec.gov/Archives/edgar/data/1863624/000143774926031927/0001437749-26-031927-index.htm,False
4 - Park Linda (0001950220) (Reporting),4,2026-10-02 22:14:59,0001437749-26-031926,0001950220,4 - Park Linda (0001950220) (Reporting),,,https://www.sec.gov/Archives/edgar/data/1950220/000143774926031926,https://www.sec.gov/Archives/edgar/data/1950220/000143774926031926/0001437749-26-031926-index.htm,False
4 - Robinson Chandler (0001727334) (Reporting),4,2026-10-02 22:14:40,0001437749-26-031925,0001727334,4 - Robinson Chandler (0001727334) (Reporting),,,https://www.sec.gov/Archives/edgar/data/1727334/000143774926031925,https://www.sec.gov/Archives/edgar/data/1727334/000143774926031925/0001437749-26-031925-index.htm,False
"4 - Tiedemann Advisors GP, LLC (0002046647) (Reporting)",4,2026-10-02 22:14:31,0000919574-26-006648,0002046647,"4 - Tiedemann Advisors GP, LLC (0002046647) (Reporting)",,,https://www.sec.gov/Archives/edgar/data/2046647/000091957426006648,https://www.sec.gov/Archives/edgar/data/2046647/000091957426006648/0000919574-26-006648-index.htm,False
4 - Vu Quan Anh (0001892297) (Reporting),4,2026-10-02 22:14:09,0001437749-26-031924,0001892297,4 - Vu Quan Anh (0001892297) (Reporting),,,https://www.sec.gov/Archives/edgar/data/1892297/000143774926031924,https://www.sec.gov/Archives/edgar/data/1892297/000143774926031924/0001437749-26-031924-index.htm,False
4 - Hoag Jay C (0001082906) (Reporting),4,2026-10-02 22:13:44,0001104659-26-113405,0001082906,4 - Hoag Jay C (0001082906) (Reporting),,,https://www.sec.gov/Archives/edgar/data/1082906/000110465926113405,https://www.sec.gov/Archives/edgar/data/1082906/000110465926113405/0001104659-26-113405-index.htm,False
"4 - FIRST SOLAR, INC. (0001274494) (Issuer)",4,2026-10-02 22:13:35,0001274494-26-000188,0001274494,"4 - FIRST SOLAR, INC. (0001274494) (Issuer)",,,https://www.sec.gov/Archives/edgar/data/1274494/000127449426000188,https://www.sec.gov/Archives/edgar/data/1274494/000127449426000188/0001274494-26-000188-index.htm,False
4 - WIMMERS DIDIER (0002073188) (Reporting),4,2026-10-02 22:13:32,0001040470-26-000277,0002073188,4 - WIMMERS DIDIER (0002073188) (Reporting),,,https://www.sec.gov/Archives/edgar/data/2073188/000104047026000277,https://www.sec.gov/Archives/edgar/data/2073188/000104047026000277/0001040470-26-000277-index.htm,False
4 - Abraham Phillip D (0001977506) (Reporting),4,2026-10-02 22:13:21,0001104659-26-113404,0001977506,4 - Abraham Phillip D (0001977506) (Reporting),,,https://www.sec.gov/Archives/edgar/data/1977506/000110465926113404,https://www.sec.gov/Archives/edgar/data/1977506/000110465926113404/0001104659-26-113404-index.htm,False
4 - WEBB CARL B (0001267958) (Reporting),4,2026-10-02 22:12:51,0001267958-26-000007,0001267958,4 - WEBB CARL B (0001267958) (Reporting),,,https://www.sec.gov/Archives/edgar/data/1267958/000126795826000007,https://www.sec.gov/Archives/edgar/data/1267958/000126795826000007/0001267958-26-000007-index.htm,False
4 - Abraham Phillip D (0001977506) (Reporting),4,2026-10-02 22:12:20,0001104659-26-113403,0001977506,4 - Abraham Phillip D (0001977506) (Reporting),,,https://www.sec.gov/Archives/edgar/data/1977506/000110465926113403,https://www.sec.gov/Archives/edgar/data/1977506/000110465926113403/0001104659-26-113403-index.htm,False
4 - Taylor Robert JR (0001461403) (Reporting),4,2026-10-02 22:12:06,0001461403-26-000005,0001461403,4 - Taylor Robert JR (0001461403) (Reporting),,,https://www.sec.gov/Archives/edgar/data/1461403/000146140326000005,https://www.sec.gov/Archives/edgar/data/1461403/000146140326000005/0001461403-26-000005-index.htm,False
4 - Hilltop Holdings Inc. (0001265131) (Issuer),4,2026-10-02 22:11:34,0001086618-26-000008,0001265131,4 - Hilltop Holdings Inc. (0001265131) (Issuer),,,https://www.sec.gov/Archives/edgar/data/1265131/000108661826000008,https://www.sec.gov/Archives/edgar/data/1265131/000108661826000008/0001086618-26-000008-index.htm,False
4 - Morin Sebastien (0002001396) (Reporting),4,2026-10-02 22:11:25,0001104659-26-113402,0002001396,4 - Morin Sebastien (0002001396) (Reporting),,,https://www.sec.gov/Archives/edgar/data/2001396/000110465926113402,https://www.sec.gov/Archives/edgar/data/2001396/000110465926113402/0001104659-26-113402-index.htm,False
"4 - BlackRock, Inc. (0002012383) (Issuer)",4,2026-10-02 22:11:16,0002012383-26-003306,0002012383,"4 - BlackRock, Inc. (0002012383) (Issuer)",,,https://www.sec.gov/Archives/edgar/data/2012383/000201238326003306,https://www.sec.gov/Archives/edgar/data/2012383/000201238326003306/0002012383-26-003306-index.htm,False
4 - Brown Brian Michael (0001865783) (Reporting),4,2026-10-02 22:11:02,0001437749-26-031922,0001865783,4 - Brown Brian Michael (0001865783) (Reporting),,,https://www.sec.gov/Archives/edgar/data/1865783/000143774926031922,https://www.sec.gov/Archives/edgar/data/1865783/000143774926031922/0001437749-26-031922-index.htm,False
4 - Planet Labs PBC (0001836833) (Issuer),4,2026-10-02 22:10:22,0001836833-26-000046,0001836833,4 - Planet Labs PBC (0001836833) (Issuer),,,https://www.sec.gov/Archives/edgar/data/1836833/000183683326000046,https://www.sec.gov/Archives/edgar/data/1836833/000183683326000046/0001836833-26-000046-index.htm,False
4 - Guidry Gary (0001642424) (Reporting),4,2026-10-02 22:10:20,0001104659-26-113400,0001642424,4 - Guidry Gary (0001642424) (Reporting),,,https://www.sec.gov/Archives/edgar/data/1642424/000110465926113400,https://www.sec.gov/Archives/edgar/data/1642424/000110465926113400/0001104659-26-113400-index.htm,False
4 - Evans Jim (0001642276) (Reporting),4,2026-10-02 22:09:43,0001104659-26-113399,0001642276,4 - Evans Jim (0001642276) (Reporting),,,https://www.sec.gov/Archives/edgar/data/1642276/000110465926113399,https://www.sec.gov/Archives/edgar/data/1642276/000110465926113399/0001104659-26-113399-index.htm,False
4 - Tribbett Charles A (0001323371) (Reporting),4,2026-10-02 22:09:29,0001323371-26-000010,0001323371,4 - Tribbett Charles A (0001323371) (Reporting),,,https://www.sec.gov/Archives/edgar/data/1323371/000132337126000010,https://www.sec.gov/Archives/edgar/data/1323371/000132337126000010/0001323371-26-000010-index.htm,False
4 - Abramo Mercedes (0001990442) (Reporting),4,2026-10-02 22:08:08,0000091419-26-000105,0001990442,4 - Abramo Mercedes (0001990442) (Reporting),,,https://www.sec.gov/Archives/edgar/data/1990442/000009141926000105,https://www.sec.gov/Archives/edgar/data/1990442/000009141926000105/0000091419-26-000105-index.htm,False
4 - AMIN TARANG (0001513988) (Reporting),4,2026-10-02 22:07:40,0000091419-26-000104,0001513988,4 - AMIN TARANG (0001513988) (Reporting),,,https://www.sec.gov/Archives/edgar/data/1513988/000009141926000104,https://www.sec.gov/Archives/edgar/data/1513988/000009141926000104/0000091419-26-000104-index.htm,False
4 - Thompson Donald (0001374074) (Reporting),4,2026-10-02 22:06:51,0001374074-26-000012,0001374074,4 - Thompson Donald (0001374074) (Reporting),,,https://www.sec.gov/Archives/edgar/data/1374074/000137407426000012,https://www.sec.gov/Archives/edgar/data/1374074/000137407426000012/0001374074-26-000012-index.htm,False
4 - ARNOLD FRANCES (0001665419) (Reporting),4,2026-10-02 22:05:42,0001193125-26-412669,0001665419,4 - ARNOLD FRANCES (0001665419) (Reporting),,,https://www.sec.gov/Archives/edgar/data/1665419/000119312526412669,https://www.sec.gov/Archives/edgar/data/1665419/000119312526412669/0001193125-26-412669-index.htm,False
4 - GU CHUNFANG (0002108105) (Reporting),4,2026-10-02 22:04:50,0001104659-26-113397,0002108105,4 - GU CHUNFANG (0002108105) (Reporting),,,https://www.sec.gov/Archives/edgar/data/2108105/000110465926113397,https://www.sec.gov/Archives/edgar/data/2108105/000110465926113397/0001104659-26-113397-index.htm,False
"4 - BlackRock, Inc. (0002012383) (Issuer)",4,2026-10-02 22:04:47,0002012383-26-003305,0002012383,"4 - BlackRock, Inc. (0002012383) (Issuer)",,,https://www.sec.gov/Archives/edgar/data/2012383/000201238326003305,https://www.sec.gov/Archives/edgar/data/2012383/000201238326003305/0002012383-26-003305-index.htm,False
4 - Groothuis Leo Frans (0001978507) (Reporting),4,2026-10-02 22:04:16,0001140361-26-038451,0001978507,4 - Groothuis Leo Frans (0001978507) (Reporting),,,https://www.sec.gov/Archives/edgar/data/1978507/000114036126038451,https://www.sec.gov/Archives/edgar/data/1978507/000114036126038451/0001140361-26-038451-index.htm,False
4 - Chapman-Hughes Susan (0001608495) (Reporting),4,2026-10-02 22:03:54,0000091419-26-000102,0001608495,4 - Chapman-Hughes Susan (0001608495) (Reporting),,,https://www.sec.gov/Archives/edgar/data/1608495/000009141926000102,https://www.sec.gov/Archives/edgar/data/1608495/000009141926000102/0000091419-26-000102-index.htm,False
4 - Hendry Gregory L (0001486334) (Reporting),4,2026-10-02 22:03:32,0001464423-26-000085,0001486334,4 - Hendry Gregory L (0001486334) (Reporting),,,https://www.sec.gov/Archives/edgar/data/1486334/000146442326000085,https://www.sec.gov/Archives/edgar/data/1486334/000146442326000085/0001464423-26-000085-index.htm,False
