accepted_at,accession,cik,ticker,amendment,issuer_cik,issuer_name,issuer_trading_symbol,security_title,transaction_date,transaction_code,acquired_disposed_code,shares,price_per_share,purchase_value,reporting_owners,eligible_insider,record_key
2026-10-08 23:12:58,0001817646-26-000032,0002011514,AVR,False,0002011514,Anteris Technologies Global Corp.,AVR,Common Stock,2026-10-06,P,A,272695,7.18,1957950.10,"[{""cik"": ""0001817646"", ""name"": ""L1 Capital Pty Ltd"", ""is_director"": false, ""is_officer"": false, ""is_ten_percent_owner"": true, ""is_other"": false, ""officer_title"": null}]",False,6d7deb9390a8327b60125720e0372e9baf3066a70104951dc5cf6d4d5297716a
2026-10-08 22:27:56,0001940272-26-000023,0001940272,INM,False,0001728328,InMed Pharmaceuticals Inc.,INM,Common Shares,2026-10-06,P,A,5601,1.3277,7436.4477,"[{""cik"": ""0001940272"", ""name"": ""ADAR1 Capital Management, LLC"", ""is_director"": false, ""is_officer"": false, ""is_ten_percent_owner"": true, ""is_other"": false, ""officer_title"": null}, {""cik"": ""0001861120"", ""name"": ""Schneeberger Daniel"", ""is_director"": false, ""is_officer"": false, ""is_ten_percent_owner"": true, ""is_other"": false, ""officer_title"": null}]",False,c39fcc043d9d3f6c852d31c00011e9c36cb11abebf92aaecc87103635fb82477
2026-10-08 22:27:56,0001940272-26-000023,0001940272,INM,False,0001728328,InMed Pharmaceuticals Inc.,INM,Common Shares,2026-10-07,P,A,3046,1.33,4051.18,"[{""cik"": ""0001940272"", ""name"": ""ADAR1 Capital Management, LLC"", ""is_director"": false, ""is_officer"": false, ""is_ten_percent_owner"": true, ""is_other"": false, ""officer_title"": null}, {""cik"": ""0001861120"", ""name"": ""Schneeberger Daniel"", ""is_director"": false, ""is_officer"": false, ""is_ten_percent_owner"": true, ""is_other"": false, ""officer_title"": null}]",False,f7d14fef1715199a51e560a365cb3b9b25d9249b3e7079631b4da3814e716f9d
2026-10-08 22:27:56,0001940272-26-000023,0001940272,INM,False,0001728328,InMed Pharmaceuticals Inc.,INM,Common Shares,2026-10-08,P,A,2256,1.3283,2996.6448,"[{""cik"": ""0001940272"", ""name"": ""ADAR1 Capital Management, LLC"", ""is_director"": false, ""is_officer"": false, ""is_ten_percent_owner"": true, ""is_other"": false, ""officer_title"": null}, {""cik"": ""0001861120"", ""name"": ""Schneeberger Daniel"", ""is_director"": false, ""is_officer"": false, ""is_ten_percent_owner"": true, ""is_other"": false, ""officer_title"": null}]",False,6b42adc82e1f89bc724dbb9b6f2f7130d85075786c4cf2cb53cf2da54ecbf101
2026-10-08 22:07:30,0001193125-26-418131,0001443284,IMMR,False,0001058811,IMMERSION CORP,IMMR,Common Stock,2026-10-07,P,A,3000,7.15,21450.00,"[{""cik"": ""0001443284"", ""name"": ""Singer Eric"", ""is_director"": true, ""is_officer"": true, ""is_ten_percent_owner"": false, ""is_other"": false, ""officer_title"": ""President and CEO""}]",True,5ddac6945e22a9a612d11a82e6d85d37322e87f270691ea6f339423aeb25b1c7
2026-10-08 22:07:30,0001193125-26-418131,0001443284,IMMR,False,0001058811,IMMERSION CORP,IMMR,Common Stock,2026-10-07,P,A,8000,7.11,56880.00,"[{""cik"": ""0001443284"", ""name"": ""Singer Eric"", ""is_director"": true, ""is_officer"": true, ""is_ten_percent_owner"": false, ""is_other"": false, ""officer_title"": ""President and CEO""}]",True,c19c4823b0808926916b20534c80d9040c0ec8cc15f6fada040a6a3754d4dfd7
2026-10-08 22:07:30,0001193125-26-418131,0001443284,IMMR,False,0001058811,IMMERSION CORP,IMMR,Common Stock,2026-10-07,P,A,3050,7.14,21777.00,"[{""cik"": ""0001443284"", ""name"": ""Singer Eric"", ""is_director"": true, ""is_officer"": true, ""is_ten_percent_owner"": false, ""is_other"": false, ""officer_title"": ""President and CEO""}]",True,7222e344872d2ff0aeb962b9ff822216509d6bdd26a34d9cd49c5b322b6135a4
2026-10-08 22:07:30,0001193125-26-418131,0001443284,IMMR,False,0001058811,IMMERSION CORP,IMMR,Common Stock,2026-10-07,P,A,26950,7.15,192692.50,"[{""cik"": ""0001443284"", ""name"": ""Singer Eric"", ""is_director"": true, ""is_officer"": true, ""is_ten_percent_owner"": false, ""is_other"": false, ""officer_title"": ""President and CEO""}]",True,68971d88357c2331f99e1a7ce0e9583faf569d1a626287a205d8ee86ffd74cf9
2026-10-08 21:56:09,0001292814-26-004872,0002121136,CINT,False,0001868995,CI&T Inc,CINT,Class A Common Stock,2026-10-06,P,A,6629,3.15,20881.35,"[{""cik"": ""0002121136"", ""name"": ""Martins Fernando Matt Borges"", ""is_director"": true, ""is_officer"": false, ""is_ten_percent_owner"": true, ""is_other"": false, ""officer_title"": null}]",True,b0d4a5ee8abe3c3b5beb314eb67d9870f39c4105d90f5e864c77dc12b592edfb
2026-10-08 21:56:09,0001292814-26-004872,0002121136,CINT,False,0001868995,CI&T Inc,CINT,Class A Common Stock,2026-10-07,P,A,9116,3.12,28441.92,"[{""cik"": ""0002121136"", ""name"": ""Martins Fernando Matt Borges"", ""is_director"": true, ""is_officer"": false, ""is_ten_percent_owner"": true, ""is_other"": false, ""officer_title"": null}]",True,099ca899cd40a50699be16d16870fb1298a70b9f7a5eda785783315eb9c60c1d
2026-10-08 21:50:03,0001493152-26-046382,0001959279,NRXS,False,0001933567,"Neuraxis, INC",NRXS,Common Stock,2026-10-08,P,A,268,4.84,1297.12,"[{""cik"": ""0001959279"", ""name"": ""Carrico Brian Allen"", ""is_director"": true, ""is_officer"": true, ""is_ten_percent_owner"": false, ""is_other"": false, ""officer_title"": ""Chief Executive Officer""}]",True,61c6781a867f96d8c19261cb7ccc7fa2675f63fabcb6cf0524c456f85273ebe1
2026-10-08 21:47:52,0001493152-26-046381,0001959325,NRXS,False,0001933567,"Neuraxis, INC",NRXS,Common Stock,2026-10-08,P,A,328,4.84,1587.52,"[{""cik"": ""0001959325"", ""name"": ""Carrico Thomas Joeseph"", ""is_director"": false, ""is_officer"": true, ""is_ten_percent_owner"": false, ""is_other"": false, ""officer_title"": ""CRO, CCO, CPO""}]",True,e40841a3039e3f38ebb8d8691af6e190b02cc95aad375c04b85a9d1e54a94271
2026-10-08 21:45:46,0001493152-26-046380,0001959954,NRXS,False,0001933567,"Neuraxis, INC",NRXS,Common Stock,2026-10-08,P,A,1937,4.84,9375.08,"[{""cik"": ""0001959954"", ""name"": ""Henrichs Timothy Robert"", ""is_director"": false, ""is_officer"": true, ""is_ten_percent_owner"": false, ""is_other"": false, ""officer_title"": ""Chief Financial Officer""}]",True,bc43846c67ba793228528303bbe4fc97020dfd403a9e6cb07c22c967b05ce50d
2026-10-08 20:30:14,0001193125-26-417973,0001889539,CRBG,False,0001889539,"Corebridge Financial, Inc.",CRBG,Common Stock,2026-10-06,P,A,116345,35.2323,4099101.9435,"[{""cik"": ""0000905591"", ""name"": ""NIPPON LIFE INSURANCE CO"", ""is_director"": false, ""is_officer"": false, ""is_ten_percent_owner"": true, ""is_other"": false, ""officer_title"": null}]",False,8dff1ffe19e3a0af5551acba13cb51eafe5fc53e05c907adea84ce70fa827aa3
2026-10-08 20:05:08,0001201917-26-000005,0001219360,PHK,False,0001219360,PIMCO HIGH INCOME FUND,PHK,Common Shares,2026-10-06,P,A,60204.17,4.14,249245.2638,"[{""cik"": ""0001201917"", ""name"": ""FLATTUM DAVID C"", ""is_director"": true, ""is_officer"": false, ""is_ten_percent_owner"": false, ""is_other"": false, ""officer_title"": null}]",True,b67f60a1717d170a27ece4c892f3102d38cc89c220b5c7a2dc0b73de7d4bc058
2026-10-08 20:05:06,0001201917-26-000004,0001510599,PDI,False,0001510599,PIMCO Dynamic Income Fund,PDI,Common Shares,2026-10-06,P,A,17448.13,14.30,249508.2590,"[{""cik"": ""0001201917"", ""name"": ""FLATTUM DAVID C"", ""is_director"": true, ""is_officer"": false, ""is_ten_percent_owner"": false, ""is_other"": false, ""officer_title"": null}]",True,a2bb5c2574c96ca8f59e5f171978e2e4c77076b59c60710e56fe6fba97c08a5d
2026-10-08 18:32:06,0001199835-26-000371,0002071307,WVVI,False,0000838875,WILLAMETTE VALLEY VINEYARDS INC,WVVI,Common Stock,2026-10-07,P,A,1000,1.895,1895.000,"[{""cik"": ""0002071307"", ""name"": ""Osborn Michael Jordan"", ""is_director"": false, ""is_officer"": true, ""is_ten_percent_owner"": false, ""is_other"": false, ""officer_title"": ""Chief Executive Officer""}]",True,408ff65a51c8719c863cc52b50a4bb35f571ee57d499e1d345892e3c56c25fc5
2026-10-08 18:32:06,0001199835-26-000371,0002071307,WVVI,False,0000838875,WILLAMETTE VALLEY VINEYARDS INC,WVVI,Common Stock,2026-10-07,P,A,345,1.950,672.750,"[{""cik"": ""0002071307"", ""name"": ""Osborn Michael Jordan"", ""is_director"": false, ""is_officer"": true, ""is_ten_percent_owner"": false, ""is_other"": false, ""officer_title"": ""Chief Executive Officer""}]",True,3622db691d02033a427d339fd35891445fb4b01eeac9cde3623c4e29aba20a00
2026-10-08 18:32:06,0001199835-26-000371,0002071307,WVVI,False,0000838875,WILLAMETTE VALLEY VINEYARDS INC,WVVI,Common Stock,2026-10-07,P,A,294,1.950,573.300,"[{""cik"": ""0002071307"", ""name"": ""Osborn Michael Jordan"", ""is_director"": false, ""is_officer"": true, ""is_ten_percent_owner"": false, ""is_other"": false, ""officer_title"": ""Chief Executive Officer""}]",True,3ab45b4787c5d4691870caba6122c65112bc22ffd9b8cf26e803ed240c0a0ee0
2026-10-08 18:32:06,0001199835-26-000371,0002071307,WVVI,False,0000838875,WILLAMETTE VALLEY VINEYARDS INC,WVVI,Common Stock,2026-10-07,P,A,1,1.950,1.950,"[{""cik"": ""0002071307"", ""name"": ""Osborn Michael Jordan"", ""is_director"": false, ""is_officer"": true, ""is_ten_percent_owner"": false, ""is_other"": false, ""officer_title"": ""Chief Executive Officer""}]",True,a2b03eadb0b58fb3fda62ffc8ea5443438cc7fcc86bdc2df5c154c7e3c0b0c8f
2026-10-08 18:32:06,0001199835-26-000371,0002071307,WVVI,False,0000838875,WILLAMETTE VALLEY VINEYARDS INC,WVVI,Common Stock,2026-10-07,P,A,60,1.950,117.000,"[{""cik"": ""0002071307"", ""name"": ""Osborn Michael Jordan"", ""is_director"": false, ""is_officer"": true, ""is_ten_percent_owner"": false, ""is_other"": false, ""officer_title"": ""Chief Executive Officer""}]",True,dd02ee166e1a366a07de8a49f3f389912327a992c07decf84891f5ab014c3432
2026-10-08 18:32:06,0001199835-26-000371,0002071307,WVVI,False,0000838875,WILLAMETTE VALLEY VINEYARDS INC,WVVI,Common Stock,2026-10-07,P,A,84,1.950,163.800,"[{""cik"": ""0002071307"", ""name"": ""Osborn Michael Jordan"", ""is_director"": false, ""is_officer"": true, ""is_ten_percent_owner"": false, ""is_other"": false, ""officer_title"": ""Chief Executive Officer""}]",True,05b972d3f189f1202750ee8ae0639d494a0f9bcb7073948990f3edca05447494
2026-10-08 18:32:06,0001199835-26-000371,0002071307,WVVI,False,0000838875,WILLAMETTE VALLEY VINEYARDS INC,WVVI,Common Stock,2026-10-07,P,A,1000,1.960,1960.000,"[{""cik"": ""0002071307"", ""name"": ""Osborn Michael Jordan"", ""is_director"": false, ""is_officer"": true, ""is_ten_percent_owner"": false, ""is_other"": false, ""officer_title"": ""Chief Executive Officer""}]",True,2d56a6d3a2af8cf5b87356e2865c30c0e1dc040e9a6f0a6f68791e0fb23c69b0
2026-10-08 18:32:06,0001199835-26-000371,0002071307,WVVI,False,0000838875,WILLAMETTE VALLEY VINEYARDS INC,WVVI,Common Stock,2026-10-07,P,A,216,1.880,406.080,"[{""cik"": ""0002071307"", ""name"": ""Osborn Michael Jordan"", ""is_director"": false, ""is_officer"": true, ""is_ten_percent_owner"": false, ""is_other"": false, ""officer_title"": ""Chief Executive Officer""}]",True,1138356b370287735f823e5bc3d0ab79f9389481f07e711dcff501fa9c20a1ee
2026-10-08 18:32:06,0001199835-26-000371,0002071307,WVVI,False,0000838875,WILLAMETTE VALLEY VINEYARDS INC,WVVI,Common Stock,2026-10-07,P,A,1000,1.895,1895.000,"[{""cik"": ""0002071307"", ""name"": ""Osborn Michael Jordan"", ""is_director"": false, ""is_officer"": true, ""is_ten_percent_owner"": false, ""is_other"": false, ""officer_title"": ""Chief Executive Officer""}]",True,408ff65a51c8719c863cc52b50a4bb35f571ee57d499e1d345892e3c56c25fc5
2026-10-08 18:32:06,0001199835-26-000371,0002071307,WVVI,False,0000838875,WILLAMETTE VALLEY VINEYARDS INC,WVVI,Common Stock,2026-10-07,P,A,214,1.969,421.366,"[{""cik"": ""0002071307"", ""name"": ""Osborn Michael Jordan"", ""is_director"": false, ""is_officer"": true, ""is_ten_percent_owner"": false, ""is_other"": false, ""officer_title"": ""Chief Executive Officer""}]",True,95f02631b0e05c6f1a1e6c6a874a2f84742f207ab2b8ba125040f433b15c9086
2026-10-08 18:32:06,0001199835-26-000371,0002071307,WVVI,False,0000838875,WILLAMETTE VALLEY VINEYARDS INC,WVVI,Common Stock,2026-10-07,P,A,336,1.970,661.920,"[{""cik"": ""0002071307"", ""name"": ""Osborn Michael Jordan"", ""is_director"": false, ""is_officer"": true, ""is_ten_percent_owner"": false, ""is_other"": false, ""officer_title"": ""Chief Executive Officer""}]",True,12d993853483f0ca83657a9b632ff347496a8de653000dab4722e90d832cf71e
2026-10-08 18:32:06,0001199835-26-000371,0002071307,WVVI,False,0000838875,WILLAMETTE VALLEY VINEYARDS INC,WVVI,Common Stock,2026-10-07,P,A,450,1.970,886.500,"[{""cik"": ""0002071307"", ""name"": ""Osborn Michael Jordan"", ""is_director"": false, ""is_officer"": true, ""is_ten_percent_owner"": false, ""is_other"": false, ""officer_title"": ""Chief Executive Officer""}]",True,e693e006a30fee163a62bc1bfe9e9e26f7bb55daf54aaa15c22da97e09cab935
